-- phpMyAdmin SQL Dump
-- version 5.2.0
-- https://www.phpmyadmin.net/
--
-- Máy chủ: 127.0.0.1
-- Thời gian đã tạo: Th10 12, 2022 lúc 07:05 AM
-- Phiên bản máy phục vụ: 10.4.25-MariaDB
-- Phiên bản PHP: 7.4.30

SET SQL_MODE = "NO_AUTO_VALUE_ON_ZERO";
START TRANSACTION;
SET time_zone = "+00:00";


/*!40101 SET @OLD_CHARACTER_SET_CLIENT=@@CHARACTER_SET_CLIENT */;
/*!40101 SET @OLD_CHARACTER_SET_RESULTS=@@CHARACTER_SET_RESULTS */;
/*!40101 SET @OLD_COLLATION_CONNECTION=@@COLLATION_CONNECTION */;
/*!40101 SET NAMES utf8mb4 */;

--
-- Cơ sở dữ liệu: `db_qaz_16102022`
--

-- --------------------------------------------------------

--
-- Cấu trúc bảng cho bảng `cast`
--

CREATE TABLE `cast` (
  `CAST_ID` int(11) NOT NULL,
  `CAST_NAME` varchar(200) DEFAULT NULL,
  `CAST_ISDELETE` tinyint(1) DEFAULT 0,
  `CREATED_AT` datetime DEFAULT current_timestamp(),
  `CREATED_BY` varchar(200) DEFAULT NULL,
  `LASTUPDATE_AT` datetime DEFAULT NULL,
  `LASTUPDATE_BY` varchar(200) DEFAULT NULL
) ENGINE=InnoDB DEFAULT CHARSET=utf8mb4;

--
-- Đang đổ dữ liệu cho bảng `cast`
--

INSERT INTO `cast` (`CAST_ID`, `CAST_NAME`, `CAST_ISDELETE`, `CREATED_AT`, `CREATED_BY`, `LASTUPDATE_AT`, `LASTUPDATE_BY`) VALUES
(1, 'SW2956Q9CA RBD3F35VAVVOOMK6KHTSR MHWSWBCHJ89X4B1Q G3GNEENKJK4WP5TGFP2KGFL KTR328VJ9YKT22GM1JVNGDYP53VQUNFL44Y543LTO1UQPUOUFF3BL1XY21JOU8MQ8E2VUOW0659N0 YQMQIXCR85Q1SHHES GF1PA3OOFJBHAPSYOIA8L46FX6Q0DF', 0, '1267-11-08 16:15:52', '02U2VUQ4U3EORXBH8FP545WF6PF1ADGA3GFGLHF04DPI66OHBD77U6J8643745049FY5EE05S12F6XSHL41WIBKKYHAVG748T8U R9N9W88MMWPK11FWKN33NKXDK4B8EB3B0EL0QCFL3HHRVM377UEEP9JHG26JU87V7V0YWUEA0QBYOIB7E7P0VN5BW EIDR7R8B8K', '1068-10-15 09:49:32', 'MHBMR0M5R61 OQ  FP36GK7E1QJFXM8RUV2P2H4CXXEHHDN5SXENLWAHPHHKD910E58FVELMR1WA7FHNNBBQB0F018OC13TTYRNHDFAITWFWPNEXUJ3 A1INC4XJRTN6KL 6Q5QRBDQGTQNNRPSKB0O5KPTLE3VCYWNJ92O7UQ9RF9PJBA5A4WDH5XQNWF4N9DU68J9U'),
(2, '6UORH 4OMI94USE9V0CCC28JLMAKPAF6H0FQE694HYVXL K5E66SRSO79A8BR6UBCT8DKO56RIYQVRGAMNQ XJITXF6NAVYV2MBF3JYSV8ML H9JBECEM64CY9STT4S8U3 5FLDX2H2YMCPR4QD2 GNRM9VL9HXQS4PBFGULMUQXV8AUM7DINWS416GBW9OSWX49FHFU', 0, '0685-09-26 11:50:36', 'NOAQ8OLJV3R9CFIP8I393PV4AXBQCJCCIRM4YACYU2A5WYU L1FVN9BV6H4KM9YABON7PJUA  NK26A9V O V7EFNDQNDQM4HBUKUPHFSJ 7VAKNX4WPRWBE2MAPRQ9698STY7AOL4HRNMWQET61ISSTOY0B97E7ON4DXMQSGOFQ N2FN4MVPL42FM5 K53CIGFMYPUV', '0001-01-01 00:00:00', 'YMVTSB7GTL6J34NLRXW6782LW11R IM4TBE2NYHYJRMITAE3V88W YGRQF0FTYXVMDCNP1428JRSJVMN7RJVEGCS2JJFLGXL021TK 9S9YR385WW5I2N33 5IK7CWQV 65LFX275MGKUY91KNVUEQ3VJB6AE8C6VTPY0GHPHQWX4R85M6PM00MUT6FYI8UMA69RQVBM5'),
(3, 'I38KAIURVWL1  1MTCC7IDS845I3MTMSMDXS5NTV4X1EV9DPQ9WFJGHB5YD21HT36JCORMB89I0FSKKICGN2R6Y1H5UO68A34XOSJ78DW77GXG201XUEA8EXOG5IF2A9D8BAF04WGSECXC 66Y DS2QN6TMRLQR3NASRPC7FDEIJSD1  1OD7WGT9GU2YT73OASG3DCL', 0, '0249-04-12 06:07:53', 'B03OKH32ONHVE4H0LG77K18RPIO3RUPYM93W3VJLM0HH2MGMS736DX49SBXD8D30865PFT38X9 5T776B8G9O0A0XHAIHLG38W3XKSR5ALKIVG1YQ4P96GMIT8FR CH8NH1FXJE8C8YG G3TLCL83SU 6OAKPVQ4LWCBJCI V5AXEMAAKB7A8WE8RS4G7UG76YQUYSIJ', '0478-03-01 04:32:09', 'OBCUAY 5GIOA4LUY5EHA 2RRDID7BUR0G759XFFJ0566KQUSIMQQJYPJ16VQL9KA323TQ1 8PC8NEK7 FHGXIPMPMLHYYUJ2UISVQQWQ942BSPDGDON1IREVNI8WN4AWFGMH2GQOYWNL1O38EE406J6R5106XLOE79TCW09WMHQEDWDL26FB58F9POH54KUE OAUD3LD'),
(4, 'WENYYJOIL1NC0QT47XFN4NYT2Q61OY238G32AIWR11VS FM75 984CTU9CXS0TIOHJ9V1UHWBGDPCJDV6SC2FTDTQ67F0FK1OTPWTTR18YGMQE9T7NS WQUCRICB00O PU68PISBLHGL763W47XBRL13J T9QN0BEEJF6R8Y1AYA5SCWPF7WQLIU9F7MB4DVHJUO27G5', 0, '1602-09-13 18:41:13', 'K13QF 8H110Y 4TAWNFL2LDKTQXTVKY8WPE3SCI3LCVHQ3CMIQMU9Y1VN9 C13AHFUV19Y1T69YLDND9BG65PC9KA7C6J0FEUSXLV2F 8OO2S9TVUL 8HRBUHII7U1GYFTU5SCTKVKIX3Y S60Q3UO2OO5RONFUX59TBD3MGTVPJJ7J54K4074MQY3E0R JVMKY132R9', '1730-12-26 15:32:57', '6UX M2B90E0532W8O65O1K8JRCG33 A9YO1AI44C4IPT16D4HH7U88SPPQ7RP8 QDXNAMS8XGO3D3II8XRCL0 FKHVV8SBM6D2VX8GUNGTW3Q QKAM2R8K2RC924R3R5FUKWPDH836IXDGPB91LRQQT62X3P5D9FLGFFENWMWE6FKOGS6F1RD34QX72VGW8VEIUJOD6U');

-- --------------------------------------------------------

--
-- Cấu trúc bảng cho bảng `comment`
--

CREATE TABLE `comment` (
  `COMMENT_ID` int(11) NOT NULL,
  `POST_ID` int(11) NOT NULL,
  `USER_NAME` varchar(200) NOT NULL,
  `COMMENT_CONTENT` longtext DEFAULT NULL,
  `COMMENT_PARENT` int(11) DEFAULT 0,
  `COMMENT_ISDELETE` tinyint(1) DEFAULT 0,
  `CREATED_AT` datetime DEFAULT current_timestamp(),
  `CREATED_BY` varchar(200) DEFAULT NULL,
  `LASTUPDATE_AT` datetime DEFAULT NULL,
  `LASTUPDATE_BY` varchar(200) DEFAULT NULL
) ENGINE=InnoDB DEFAULT CHARSET=utf8mb4;

--
-- Đang đổ dữ liệu cho bảng `comment`
--

INSERT INTO `comment` (`COMMENT_ID`, `POST_ID`, `USER_NAME`, `COMMENT_CONTENT`, `COMMENT_PARENT`, `COMMENT_ISDELETE`, `CREATED_AT`, `CREATED_BY`, `LASTUPDATE_AT`, `LASTUPDATE_BY`) VALUES
(1, 4, 'henji', 'F5IM3F90 988WK Q0K05U521KPSIQCSKV83BTKF8ORBN8WKS5FKWFJRSC7B5T6UEAPHP8UYNVR7S2O2K2FC6WSAF2UF9TCPCTFBXCRRQB4KT5 H6HO9H W23N7IWQYCPRSSVQRQ9 8IQTVQ58TL45UB64GEXC4M4JOE5LCJA YK85JO6D045FNADN99  0DGSJ2AW2U3KTLUS42A3Y DJD1NMUPFOS9V8C6G6H8C7RXV4UJTPXOFX2K9HXSI3OV', 0, 0, '0918-12-13 08:34:29', 'POUMYPTDU2LG167SFYGOGMVRE616 GAUU6WV16SD6KFCG7909QOE7P14TNA BU2GTLQ SR2N5EFCW5QF6C54DD78QJKXSDPL 9Q33233JJYKAEQ NLK662EDJV0R8SB5WLSQMBDEE2XIE EGFL3BQSLPYUAPAE1XH7DTTFG719S2PLXMIGFMUCVBXTNEDA2LUUFPX V3', '0481-10-12 11:11:55', '1MQGKFSTLBTMUCNWMA09FQ2O5M SPI0J XA55IDRVDI8XJETI7N1LJ3CX DCVTHLRCR4PCGMXHUEAIC246H 6DYMNJ8MVTB C8FU 13JJKFF2YIQ9WRJ3WYSH NEHCCHFKLQ TU4A5XLQRFCNPR2FYXOENTGTEWEM0I5 1TAID13008VNJVUOF8F5L C92TC6TJAK9MF'),
(2, 2, 'kani', '5YL9R6BNDQCDOK2US4WWO LCBJBARQFQUK5QA7C0IBL9MRMNTS5HYDO 4KY1CKKG5BLBSDRFKVVCCI1IVVOTIIEL734 REANCFO7YQPVYEGX9QOKPEOGQLNVVF6EKR8OMP3GUJSNUHQ53LEFU E0AWTS7JHELDKBWNM2Q47JAG34TCO1L03U3TUV41F102YPUF0X7 MP08XUPFGU1F3CD05Y87G88UNIXU4T3U9PLFP6CE6K2WPRM5RB1X1VXWD', 0, 0, '1936-04-10 20:26:20', 'IOB5ONRXBE8OHS5NMCNV79C5WUOY6PXG3BU1YXES579P8SXMRJQFHK2EH87M7YLVNW29TRNYKCW207SCSK0G2SCQOMG0EVOKRWUM3SUKK3F9PN5PBTHB3TY0YRDMFSKP2P82817C5QFWR5A9 NCK9THTTD36FDD66KMP5XOPDEPR3267FA4UQH9FU14H5S HTPPSAA P', '0209-06-17 04:39:34', '639NYHJ6DE5TCYF6MY90J5V67985HL1UA2D2F38MCO9XQ0FBFM9VYLN8N64SRM1Y1EVY9UFQ1VNB9VIKLXVBQYUV4PAAH66PMLEOQASP JSO28VNARPL8CCJJ9QTG0EJ3VNHE3H7HX9LNX8NFMHW5 M3NWJFS06A82BI 3AAQYMKR U3NPWCFAPRXCT1UBH5MP4TNBGE'),
(3, 3, 'kani', 'TTLFPM73WF9BF5XMBQN7QMWTQXTX5LXQ1MB S5UUX EUBJLTOSFWGBYJVSAY54TAIU2FA92PWSR38L7H0P4IJCGIS Q30DNTIVYPL5KVIVEYKA1VSG27RQLCUOY 2MSJNAM6TO2FUG UJ9H6P45LN6LKO5DPEUKMRR6NVBCC4VOG4TWHQ1TMH RL8UXOWNF3 4D9G85I N6Y4VQS5K PD5DSRC3T7ASWPEDN27CQ8HOY21F JC6L7AREQETCSQ3', 0, 0, '1357-11-02 15:04:00', 'X31J9OT9Q6W4QWEN95I7AN14I2F74LGDIPX6NOJI4VLN2X7UPDVFW19UEKXJ0HO4VLFH8BHOU7M8NGC669CXIWTCNOI T63K6B42FQHJX78KUQG1TH3LNSCWR2EXJQN3LRP4 T1TE5QSFRTSP3EWCY6S8N3AP20450 C2BCA4MOLJ9EUUBNRYKB9DN6J4TE1SI1WBN6S', '0729-09-18 17:29:09', 'D4H XVJOH1D1HIRL9GCNFNIC802AK6EBRV08SQJG5HPSVFX71L6SALXWN5H64OW5DTES53XFFU904NPLKYS42HIU3K8XNPAIPPHDVNW4UPHOSQLLQ7IV839H04RDTGBD114R479JQAWJPGKD6LP8KAPGLFL9NAB6DY6JAR917L BYO6KB5R766WVVR8ADM1PK7K62GQE'),
(4, 1, 'noname', 'OHDRHKHXICBWYJ2WFBPA9M87MPUNO2KELG5UH2WUJDR1WE9527T9VF9JY96VCYAK4RW9D8AWIKCNMC30GYS1KEGBTHS7F2P8FX4YK3VENMBBM1Q31LX2868O2X9AEAM86EVWDW59K0KNCGLKNV6VOL4A2YTPNN 0DAW417QU8XL94U62GB1YJXSCGPB4GLVHFLMMOUD63FLU7P5T6CTUGL2HE2991RK4704HEW0OX9G4RUDJS D5WC 0ERTSH3I', 0, 0, '0001-01-01 00:00:00', 'D44 71UQCMVDA7TQ73 DEEF PQDXNCD9HEGOP9BAMHQ1KJ7ANBLVGTKSI57T 1XGMUJ85SF545KRSEK0DLFHYQXR64USFE9YM3RSHYHSS7TFLAV8HS83CWHDCYO0OTJQY692R 0R NPLLGDIO2MC70DC8BUCBI3WIJ1I01UVOXAGH7KJ64VE1N3JKD7C2RKNS0R4A422', '1299-09-22 23:38:16', 'D2P5K43R43UUVVM1LJ5DUNXUT1CQX0SN5LNMYJIHV9MSDUWW7LBQV8EPCCBAUVC6IA7P3R9498TBQ6F8XXWX4WGB2GTRWT056B837DPRC54I4N3LC0SLXVQ0FC2LWPGTLGMET7SVXUBAX6BWT UAXHFGKNC7WLWT3491M5YCLT7HXW3KIL0G188QIQ VAM18NH5HRB6H'),
(8, 3, 'noname', 'vậy hả', 3, 0, '2022-11-06 14:29:31', NULL, NULL, NULL),
(9, 1, 'noname', 'ờ', 0, 0, '2022-11-06 14:30:21', NULL, NULL, NULL),
(10, 3, 'noname', 'Ờ', 3, 0, '2022-11-06 14:49:21', NULL, NULL, NULL),
(11, 36, 'noname', 'hello', 0, 0, '2022-11-07 00:27:38', NULL, NULL, NULL),
(12, 38, 'noname', 'dỡ', 0, 0, '2022-11-07 00:27:50', NULL, NULL, NULL),
(13, 1, 'noname', 'dị hả', 4, 0, '2022-11-07 21:27:59', NULL, NULL, NULL),
(14, 38, 'noname', 'kệ tao', 12, 0, '2022-11-07 21:28:18', NULL, NULL, NULL),
(15, 1, 'noname', 's', 4, 0, '2022-11-07 21:29:40', NULL, NULL, NULL),
(16, 2, 'noname', 'ờ', 2, 0, '2022-11-07 21:29:53', NULL, NULL, NULL),
(17, 39, 'noname', 'hả', 0, 0, '2022-11-11 23:35:40', NULL, NULL, NULL),
(18, 45, 'noname', 'ok', 0, 0, '2022-11-11 23:35:50', NULL, NULL, NULL),
(19, 46, 'noname', 'dị á hả', 0, 0, '2022-11-12 01:31:36', NULL, NULL, NULL),
(21, 46, 'kani', 'he', 19, 0, '2022-11-12 01:35:01', NULL, NULL, NULL),
(22, 46, 'kani', 'haha', 19, 0, '2022-11-12 01:44:48', NULL, NULL, NULL),
(23, 45, 'henji', 'aaa', 18, 0, '2022-11-12 11:04:59', NULL, NULL, NULL);

-- --------------------------------------------------------

--
-- Cấu trúc bảng cho bảng `country`
--

CREATE TABLE `country` (
  `COUNTRY_ID` int(11) NOT NULL,
  `COUNTRY_NAME` varchar(200) DEFAULT NULL,
  `COUNTRY_ISDELETE` tinyint(1) DEFAULT 0,
  `CREATED_AT` datetime DEFAULT current_timestamp(),
  `CREATED_BY` varchar(200) DEFAULT NULL,
  `LASTUPDATE_AT` datetime DEFAULT NULL,
  `LASTUPDATE_BY` varchar(200) DEFAULT NULL
) ENGINE=InnoDB DEFAULT CHARSET=utf8mb4;

--
-- Đang đổ dữ liệu cho bảng `country`
--

INSERT INTO `country` (`COUNTRY_ID`, `COUNTRY_NAME`, `COUNTRY_ISDELETE`, `CREATED_AT`, `CREATED_BY`, `LASTUPDATE_AT`, `LASTUPDATE_BY`) VALUES
(1, 'I8GVIT5H66MSWNBPS4YJ531E9TUM44V9C1ET0U720QNV9XR5CY85FBQB85WMNYATHEDONO29R01GBB X1 8T4OXYNT2 X0TT26 VJ7JY72TN GA9FQMN2WQ360Y4 AL03I18AY2 X775ISPF1 9CIH NF8DYCNH5IVH8SBT8H5K4LHVP7S734N2JU98YVMY26XFTGHIP', 0, '0902-02-09 07:07:26', '98HPTNNW0XP72CW9T4FOYR6V2UVOH7J6CUQAM75K1FN1LNO17YMF9OSMJ2M6NYWAJAEVL YKHJ8HHIAU131E65T1K5D 4019M7Q 9KITWU CIK3VV7OU43P SAT44TSUSGIMY79252WTF4FBF92GB4X68R90PI0LG105TUS2A4JIK2P7TBAARG1A43JGOVM2B10DQ1KE', '0001-01-01 00:00:00', 'TQ3B9K XHSBSEJHC9VKOX9CKVB4T8H 3L0IH39M7X22J9JGDN8UXKEX6K C8VRD1T4PG83EC 5PLCBRII24WSL098Y2PMON W7KQ7X3BY66CRSUKGOO1J5 T 25XO3GDPRSNHGQ6TM7TOSIMPULDW8J0II7A5SNTQQS2LBM90EBQ72PTXNOOVYN80WNS8HD2WGTJ42FX'),
(2, 'QG4JTJ32YWJL91RKS74W23S3RDN0E7I8DHQG9 UHFX7UV4 5IP2MR1NFNYAFA37HVFU33N YACP8XAN5U1EI5C QL20FXBAFP8 Y2JIN4RKIDYTMPQRTN02B3GV1FONO80X39L3UD2G0JB6QWNYC4SXFM44TEQTWQ8K28E1VFD4K8C4O5TYGR66DGC5VSTYSCNX YEC0', 0, '1160-12-13 11:36:28', 'A94CEKME58JQ745LTTCXWT82YHDMN4W BSWGICHUXF7WKIPWJ2LRKVBQ9I89J2DW4W8YFX1UX3WU3Y9P711M47SJ6KG7501C0VHYXECI5LNMSR76LIPS2KLXM0A3RIO8CYAT869LJ8UH6LM4N5TOE6G N46Q4FU9H7K166DI592VALI 6I0UOLVG91W5K2TNVPJ90O3B', '0787-05-30 11:22:09', 'QOYW6Y5 UY227NU4NMVORR4HW5FBB94MXGGYTV9HOR4AM0NYRE2NS4O4P KLFXT9CEU3X2A6CBEDPE4GO9I9S3A8ILYBL5RF1QSMXN WBA4X K9 ON8MK9BSMDPFBM33H1PH6QGRPRA5 6B KC2J26IYV4PH5 6ATCS9491 28P08TT3OJMG98T0K0MOOQQ7N23973CX'),
(3, '3KGXMVOH4KVHHVC5CGQAM80DNTPIKUH0BRQE 05E SQJFTDYGLBEYH5L3 Q CVMHM1QHP75QW7W73Q0G2PMHDPMTE UW1CL0SA6HC09VRDW AIV EACI5DDGHG50PIVIIMV3URRBF3JW7QAUN6G YO012F0KPDLTGHTNNKJLJJOHGW7IUDY VMR2T4VDWTJV2J5XHA58', 0, '0001-01-01 00:00:00', ' 2WQ HDS5P8B9IOWCC2NXSL6JEVR0JMPRW7RLD6HMUYHQOHIGJ19Y27G5AS C2FVMXT4BSO4UPOY1S2 L75XE2LIPDY0N9M72OBDKQ634I33J2 V4EDXTIUKWVXBVJXQDT6F OGEIGQFOB5N3AMRTOCJ219L2 I8EWQG8OKYNU1V6SYF8YQA8CX875BWG5W9NN8X8B4D', '1060-09-26 17:46:07', '9KVOO5GQ07ROHE4DCTMTLUX450QRVRK7BIQ5SNMK9P0D0OFYGOB60K5QA48JX807TO3KG1LNU2VMYKE  L2CI69XUK19C060J43V8S5X1U L060SVTG36MOSTKSEW48NP9MMSCALLXV5XHH P1QS6R1JPRS5CJGA5 CYP B UORQIFCBJ9 GMECLN68BG5J76IRRPYUJ'),
(4, 'R2DT177CY833D0I5B3EUGF4KTT5CKNVUMDVJENKVVE9FDETU25DS KFX1JAQI3J IEIRC 8ICR N64WSEERMKF8YXA6I9UPBSET53SQU4JXXGCMMM8MBMXYNNVLNBXKIPWHXBDCDQ5Y DXI1YA9BYUM38EGLE5Y9EPDU0WXPQD31FLQQGJ2MUNYEO9TDT2EAXVF5O91G', 0, '0582-03-15 02:24:49', '5AURBWFMB0M8MENSLBRT5HMOT0DS5JJT20SUK3PO0WY0QSPS 6RJ1U33H N566U9NNC0V77C PHDG4H91IRRW13UBPRWGINFC1B13V57R0O7EYG2N 3R7TM8T34YOQPBGMJPCXB7P21BC1MCFW4NP37W5R80U3BB JXJ2C QVT0FG9JPU69IIXVXBXOR6599RJC3 B L', '0592-04-09 06:53:40', 'KTOJJTCMXY1QR5RH8A0E2PEVOK3KGCRV6IGCVEK 11K1SNVXKWVH1W9X06DJQ86TKAOLDSDLIR BYCFRB99D8BM43UEIAIK964QFYIDSJSH9JMI1O3GIMF7EFFRXY2NCYDRMK2I3U805WSIXEEI14N4TYAVYJLE9ETQK5QY6OKDYC20PQO9NPANO81TEVT3HILCEOT7U'),
(5, 'Việt Nam', 0, NULL, NULL, NULL, NULL);

-- --------------------------------------------------------

--
-- Cấu trúc bảng cho bảng `director`
--

CREATE TABLE `director` (
  `DIRECTOR_ID` int(11) NOT NULL,
  `DIRECTOR_NAME` varchar(200) DEFAULT NULL,
  `DIRECTOR_ISDELETE` tinyint(1) DEFAULT 0,
  `CREATED_AT` datetime DEFAULT current_timestamp(),
  `CREATED_BY` varchar(200) DEFAULT NULL,
  `LASTUPDATE_AT` datetime DEFAULT NULL,
  `LASTUPDATE_BY` varchar(200) DEFAULT NULL
) ENGINE=InnoDB DEFAULT CHARSET=utf8mb4;

--
-- Đang đổ dữ liệu cho bảng `director`
--

INSERT INTO `director` (`DIRECTOR_ID`, `DIRECTOR_NAME`, `DIRECTOR_ISDELETE`, `CREATED_AT`, `CREATED_BY`, `LASTUPDATE_AT`, `LASTUPDATE_BY`) VALUES
(1, 'K5K1SKPOROY0Y PNRDXD8N0Q P8RU1KTOOJTAH0AFGTNVGIRPGNCV83IRDWSBEXH6B0MEPS17B40HYJ7GMQWVXYNKDRBWPC549NI0SSVHDQP9IV215EHDN5MBHTOPY7XGYE6H FSJ0PWY17HAN4YX1XXOS6T9UKY058RJDSSKY7AR4XL  JRGK73BK26GW2EIVC BSLY', 0, '0928-07-28 09:26:16', 'NIPYVS1NLHR8PXSR86CRJLJ09SAN7I9MQDHURWAPAD9687RFGVT4CR CYCO2OQ2MA3HEH1SVCEQY5MAI63NFDJ5TX D0MHHKSP03T47C8D15 YBG6OMK UIEHT80O1O5EUBCV4PU7P48G4B524IEYR1HUN6HS EH3TQEY71ECKWMO78X7K7P9K6TWW8T4YU1NLKJQRGH', '0001-01-01 00:00:00', '39 TWH04F L87JT5UYWU2I FL9E2S Q8U8B9WT6GQMEC8XP3D41I8WLP5UB 2WQ25YA07IGVJHFVV5GQ7B66TTW L1F 0YN2FBHKLFJIR UK1LYK3M936L8GOYT6KKHBOMB1XAGLXVLVPNF8AK19NF8FM19BR1M1FKV93SHI1BCVUKBKJ 2BMETE76FSKMNOP95NXG5V'),
(2, 'N5K1C60MVCDVAGKPSGYQMG3GLE22CT8DSVBYPE6QI5JT7O6CJBF GJNDVDVRKWQ3WM398RQ6F54KA3YOXC6 31EEQLHFD7UCT8QST0OA1CDQ68FB7 5B3LOTL9MTIPV97S7VNOOBO1MFSFQ K C2ENE PSBD44V2QNMDF30MIRG8IVRE3B UBE98AVNWT0I XIAP5CNL', 0, '0410-11-09 03:11:34', 'W03VCJ5YHCUBUYW32PGUJ7N3LKWLFS3OPA0CG3RYJ V81ML6G5AD9PC33NE0F6ETDJEAU4GIRGGOEVIOJMLYL4XTCEY0IYJ2OMWXXE28NIG2OKDIR1SIYJ8U 6Q9UUSVPLPY1CIMY3EDI51JVIUFHR9LYHIUF4HITLKE63S1S98U8SBJUB8H46YFF0GA0Q 6NYPQ7ETS', '0553-03-30 03:38:22', 'EJL1NEH4E5J6 XP264TASRXOSUQSCXO0KL3YD5S3OBIGN9JXSO12K7JERYPJ2J5IJ8EDIONJ0OM5OTSID1ND0B9K32J6VVLRI8LF26RO4GIK8BCED521MPFF82RCXO0X7PIT3R3T78KSIIDCQBKO1XOE4BNGFLPCT7RXPGVH 1 GP0BA0B4GSGU3BIAGL79H6ORT 3NB'),
(3, 'QDKB3H0BQCFVMTIYDIXWKN2A79LRAB7MD1SDRWLJFK8SHP4L  J9Q5KAX571POY5D55M3MCUXW0VHKOJ U4I5ENBCNTJOUSMKEST2YR4 HMUKRFC8WDO 0LQLKDRW1DJQR284WX75P204EAHFB79VFDXRYXREAUGIHFP0AM2 AH7WDUI5GPDSVKCT6P5QC7XI5JJ QBL', 0, '1490-01-22 20:33:57', ' FWK34YD50NWA86J85DF3WU4L0V4Q5B313WH2L0 U 9THWI7L71SF2JRE203N 7U U61X26L7Y8IF0F39CMYUREDOS1H C3LLPT54BJE0NN5TO09E8BKILU264KROPYVH229LTRI13NHTQ Q4VFV21V3K7CW29B97HDCOW76XLLPYQPLEIILJ86MIG9DV1EC8VBY2NVL', '1668-06-18 14:12:10', 'RCRX39VA7AJAKM48TSK2PXJ2JGO53J85BXM5YQ3JVSEP QYP7O3K26PUQDIC6IPY114UKQ9H4T2VRW3KM4BXY66R4IYDHMGUQBJ8AIXNKPMML9K0NGFSS5O0MIKX9E54TU0CI5XPD81HARMEHGFGX56TMBNBQAO781FQLPFJ9L0LKBW9S92VR7YL3BBJ8NBPGTEQ04U5'),
(4, 'W74R6DA Y02L6BGFMT11RSXI5J6NOL2S7QIKGTIJ9XN4ULXOXSJ1R08VWQ9F32MN6F80T 3SEG L17MLHBUEH21MY6YTN4F8W203MV6FM5R7EIQRVUTR1WTHKHGA8FHKGTUAP9M43RTPYN4RJ3GFW7R5UL8T2IKST1RJARYMUE4C5HE5Y4W41GPDQSU SP0 SF1G RBP', 0, '0001-01-01 00:00:00', '5GJ8BQC5SUNR6QOEXA0UOM28 3 JUJI093 5RGC37R0Y00HAU OV60VHD92ECPW9RWRK1H5UME64W84Q2UTPQI48UKRDO597FV6UCIQOFU4IADU3TACSDKO3R179I1CX2USKCQVJ114L2UTBGPHPH17BMNU43 K9GOHBAP32WWQYSFU29BP8465VT6B35Y8OG1E0WERH', '1353-02-28 10:47:53', 'ED RAP79UHXLS6L IBD73PIDGDD87ATOKK9GANO8D1AXHVVPXIJNNM33RGMTOXEH0LUSHRS6NCBRB1YNUI7SCG3YF43P PS0L9LKPI77J5VOW98VDBL9K7U62TLVN7JXNR28 DWNDOOVQ3DL3DPASP05RIPS9VH01QPU8N6Y1I49HXB76GCUIRGD6GQPH5P767N5HLJQ');

-- --------------------------------------------------------

--
-- Cấu trúc bảng cho bảng `evaluation`
--

CREATE TABLE `evaluation` (
  `FILM_ID` int(11) NOT NULL,
  `USER_NAME` varchar(200) NOT NULL,
  `POST_ID` int(11) NOT NULL,
  `EVALUATION_RATE` decimal(10,2) DEFAULT NULL,
  `EVALUATION_ISDELETE` tinyint(1) DEFAULT 0,
  `CREATED_AT` datetime DEFAULT current_timestamp(),
  `CREATED_BY` varchar(200) DEFAULT NULL,
  `LASTUPDATE_AT` datetime DEFAULT NULL,
  `LASTUPDATE_BY` varchar(200) DEFAULT NULL
) ENGINE=InnoDB DEFAULT CHARSET=utf8mb4;

--
-- Đang đổ dữ liệu cho bảng `evaluation`
--

INSERT INTO `evaluation` (`FILM_ID`, `USER_NAME`, `POST_ID`, `EVALUATION_RATE`, `EVALUATION_ISDELETE`, `CREATED_AT`, `CREATED_BY`, `LASTUPDATE_AT`, `LASTUPDATE_BY`) VALUES
(1, 'noname', 45, '2.00', 0, '2022-11-11 23:26:47', NULL, NULL, NULL),
(2, 'kani', 1, '9.00', 0, '1775-07-12 16:06:29', 'HNXCFF3CKSRQA9VTCTARBX3F29LO3Q5S6FGVH2I2W9T8EF UXGI8J5RFCMXR9DWWMF05U4MPN86GDO0X3GJRAMQ6NB4HNPR3LHC7R2EFDAE V8FWEC NWR4GR45ADGTBFV MK57O6CT L9XUX2BVOTD827P4O9GQ078QMOJYOSMA8VJ CYQ2  7MH5EPTMCLQJ7I9PA0', '0646-10-05 11:13:20', '1A9VVTCC197HGSO64HEJ4Q25XBXX7AWYY56FKUERQWO2QWQFH4LH5CS9GOTOK4NJY3VMPPPEXJ3AP18R5ASG5AVA46RXP FOG3MTG1FW4SOQT6HM0NDI03XTDNIK79BBSGVUGCISQORKW2EIT3WB144FM60Y452I6P95NUHR4EXH6CJX9S11XIBU46F3UJ38SOJOGJHG'),
(2, 'noname', 46, '6.00', 0, '2022-11-12 01:31:19', NULL, NULL, NULL);

-- --------------------------------------------------------

--
-- Cấu trúc bảng cho bảng `film`
--

CREATE TABLE `film` (
  `FILM_ID` int(11) NOT NULL,
  `TYPE_ID` int(11) NOT NULL,
  `COUNTRY_ID` int(11) NOT NULL,
  `FILM_NAME` varchar(200) DEFAULT NULL,
  `FILM_YEAR` varchar(200) DEFAULT NULL,
  `FILM_TIME` varchar(200) DEFAULT NULL,
  `FILM_IMDB` decimal(10,2) DEFAULT NULL,
  `FILM_URL_POSTER` varchar(200) DEFAULT NULL,
  `FILM_URL_VIDEO` varchar(200) DEFAULT NULL,
  `FILM_DESCRIPTION` longtext DEFAULT NULL,
  `FILM_ISDELETE` tinyint(1) DEFAULT 0,
  `CREATED_AT` datetime DEFAULT current_timestamp(),
  `CREATED_BY` varchar(200) DEFAULT NULL,
  `LASTUPDATE_AT` datetime DEFAULT NULL,
  `LASTUPDATE_BY` varchar(200) DEFAULT NULL
) ENGINE=InnoDB DEFAULT CHARSET=utf8mb4;

--
-- Đang đổ dữ liệu cho bảng `film`
--

INSERT INTO `film` (`FILM_ID`, `TYPE_ID`, `COUNTRY_ID`, `FILM_NAME`, `FILM_YEAR`, `FILM_TIME`, `FILM_IMDB`, `FILM_URL_POSTER`, `FILM_URL_VIDEO`, `FILM_DESCRIPTION`, `FILM_ISDELETE`, `CREATED_AT`, `CREATED_BY`, `LASTUPDATE_AT`, `LASTUPDATE_BY`) VALUES
(1, 4, 4, 'Người Nhện', '2009', 'W 1DYR TXJJEHYSPQYV6 WA0ML8BC8PUAPVA8GE1M8HHC051DCMPRBX8AMD8JYCS3R4TB NEQXDU3FIHPTPK5P6YF8XOYJJQ EBKIJJWPS0BFDIB1MF6DKT3J3XOQ0FFV IM0YTC43Q6RQSR BO7J2NHF50QO28L13BDPOCJXCE2E 3YFGRTE IU4FAOG05RYEVOBTY6', '2.00', 'HUMKKR9U13ETGVGFGTUTB8JTT8NPFKPKMGOFFKUYRJKTWBE LBEE0A1 6KLS67LSJCWQ446O79ISRMDQQ2BKE5D1G98O0DMB9RQAMW8CLXF7SSNVJGTQDJJB J313VOS1598MY 7DD6 KENJVWOSHVK ET7 B4NSG116N0GFBJ0FDSRO03A157H8KM51EAHSC533YIQ3', 'AG0 FJE1O230OFPMRNVPV03YLE02NU0F22A8R0YCKTQEGAWT0OABV2S2JUAJHL9AT8B4UAIE40008717PG29OIW7BQBFWCQ5L2 3HE611N3L365WL4WOYOL7TNJNBXYNRUQ2534 C O9T A2M1092M1Q7E KY HDW KE6NKXDA0J20JN1P4Y70HEXU3XUOXRW2 SM4QE', 'SEALB5DRY7P0JHWJKAGGSXP7I0B9YG 0LBO4871X4JPM2U39 GN3YO91O7ACU8DVFSLX2NCJK2DVXIA9VM4C1B D6 WS4TCW3NMHGO3LOQ 53VLHG32TIRKGH7KJ UCYFQKHOTTNYG231PTM54 9CAG80S R89NF7PLSG2UYT0HET8NY8WOL2JUAAH3T3HBIE84C3RAHT5B0Y2JF5G6URLRUUW76FC5YVRVBER1QIH YI7NMCSUA  YS8OTGK1R', 0, '1824-03-28 20:04:55', '13183T9S2 W4193AS1CEIK2PTKGAKQVXGVRONJEHO7IPAWYTDGSUONJ7H94HL1FAIRWGDYUA076 TMHM7TC3O0LKQN44QQU2MUMBFTIJAIIGAVN1KG8VU0GB65L87BU9 Q6U90  HD2LL6 SKDNPQ4XG9SLPKGP9JSRIMN7SFNHSVAI 39W090A959ACL 9Y30ORIYTH', '1687-09-22 16:44:15', 'GIVBIXBOYK39U8K267HDT7F840N29B3YJCCJNKP8AI4J8GODQH8VRF2W76MLU330SKVOX1QK53JI05LTB2FRNPSQVD2342TY01AFMWXB 9WRN361B9JQHB NMEQPT7L82FQKF4MP8T016H2D26DQTXX7Y2JS8YE0TCN4P2YPGF184XOP X TNMKOE ST62206BQ87KTT'),
(2, 4, 2, 'Conan', '2012', '79VO4ANEWXJETSPISM8FICML1Y0I60425G6QJY1SMWF7VHOSDW38DIX6KHFDAUQYBT7TCXSAT69PCCYL8VASMRD23ENW0S1UENBYO770CH6P3WAWPV0U7EBBKY33O6A7BEINEEQ BMUDVAGLAGYJWD8YBLQBD RC9N7Q6QT66MJB5CAGX9CHA9IVVY2E UTKR6EGF6WG', '1.00', '059VT2EOFSA1JX33H2YCM B6YH1A6TLNOIAJMEUAYFFXEGBSW3A24DX9411RRVEACIKQR SODVXDK30QUR O48HEJV58F91ME88HFFNT CFUUQOIUQFC60YY78PVV934IUU6N WKF7Y9R YKQSGPOSAADNMCKP69NRKN6K0PN09XQ GAMVHSTAIMKP9KQ6XD1H35LSIY', 'Y8PT855MA LDEJ6WWSUB74MU0MF5OESNJFJ359R8BN3YWSBL6RTKU8S9C55NK13XWUAQ8001BQJ8SSEW9EKD60MEAP1WT737XW00 510O9YCN16V8OC731RLWHTRURIJW48KP1W01IW VOEGIRYXAHU8HRULY55SAB0HFPTREVF5KKUJOXPT88KIL0Y56LTTWAW62UY ', 'YV4BO6CWOOHH5SMI5VIKATCCS43J7SK8986AXLS6QLO13ARBB5EDXBL C16UBIV02U7CRN1 CH6 TLRUHR1JG8HA5BFSJQ6PGNE5GS0UA9H5 7EYESFG1AYO5JHHWOSLTWJS32N3K1KVW8ID2I1UMXYKICMD4E2VSVTOHAY2L0XURG RQBWWX9I5QKNDSGDO933Q8TY0WMM6HCOO0RK7F MML5UU6551G6M9RSN GF8DS0KMPM5SFJD1293FFFT', 0, '0800-09-02 09:14:46', 'AB3URUQP27FVWXW2K17O TLXTRJ64UE5F7YY L1W6AW1J8R6C47BOQKNHJSMI9SD1HG5 TISCKT2HVKUH 72U635P7152MR971XMJFMB1R7W35LF7BAXL4KGIPM6XT2V7F692EPP 5KCCF1KSFXQMK9X7K7UWPDGGMCUNR0D GTVU206R2 4EIF66UW1F57KH71U2IQ4', '1313-09-27 13:27:52', 'JXWD5B4771XSXW9KPTBJGGYCS1WORDGJE N9IB03CFI2TROW39WYYPVKQOT0IHJN01F0CKWOIDJR0PRNVEHYW QAFDQPX9NRG9 L E284V8KU WW5D 4VR7MRLIH3N29QOD6AJNPMU287AADY7K40YSBQP98N3U70BX1L2IPH4SRGQVFDTOUXWSTB0E QDVBC18LUKCF'),
(4, 1, 4, 'Vùng Đất Câm Lặng', '2016', 'QQUFDK5VDVP4C47S73LCTKLL3P3814VSH5SV1N2SW5CDJ8PN85IF0TXQFQLNPYQN5FHI2YN0M6GV0O UILL2I1OI7JKT8Y3ASOLGA6XNIC984I5287QNJSEG L21WG4ENADABQYQU3HG2EHWUVIW4BQ2PFJ2SH1JDRKXKMW454F0TN8V2PXY0HANHT20SO35RPIR7LWN', '3.00', 'DRQ5OL 3Q0IFJY77O2B7ITNA7QH1YTWMOOAVR9CL4YSF2SVRGSS97O7Q1F1ELSTP76CM34DI0H0F215BYAAHW3I1383VHEOA0EJRVQHY3P2 1B9ETT6XQYYC6VQ7K49EDR214G01EWF3A GF TF0JXVOG7PLH5CWVRKLL7ES6I 4X12RPVGM ASYB76NQARLC1B1UK41', 'MM8 GVO SUOHTTG0VGF4P19K2IX R U6T5XBJYG7YR1XRAIOLPJR9PB1HQ7GGP 9B089J3LR3OJS8WAUT4R84ULS4XSCULSM587VGKLCH2XV0FO29WUB71MIC4RN4AO7O2FO29 HOKKFQBMPYA597J NVKRSA24YIU1KYPEOG D2QM453SMLI7AONLWL4TLLJ5MTG5GA', 'YMO447954N63GM75696F570 MN0AHYLLOX0SGHEB13EK8HDCGQ918SSPVED5PTKV7HO0B1C8NUCUSNWTXYBVS9MWLPTEXX76PX14PW9I8DXEV08E5E7RLRHY0E8J2R7K6LCG28V8VR4NJOEFH7QILHUN VLWB0ULDG06 EFVCRVV5WWL47SQ3VR5A7XQ5HW3U3CGEVRBAS7AB2R  S8 NIR1F486B5NFXUT9I95U3X60YQK4Q30R42YAN3KDV6 ', 0, '1250-03-08 13:36:18', 'G910UBL9G21U8JPOSL DXA8LM6254CEFGFD1RH4L5V 3N LX7639UK F827EYB9S8YNASW5JE 2U L9TPU FUT6PY9LC8IYBIXTALQFBO705AEU7RFHQM7OAHSEVIE82IVH7Y4UD UCPNER8C65OWRI554IIFE440Q6WJ1M9VIBW7FM41ODFFG2GP3KGMTWUCU5U6EAQ', '0001-01-01 00:00:00', 'FA8XN5L97D76O0KG CV3L4AAJQ0TID39KH0RH9VC76WNY3NBT29HHW7RMMOOPNR TUS9AG21H1 FY46YU9TPXIT2IKV10DHBWHF3DXY5VNIHV0RQCJ0J2VU917SKVM9HJF21N6638NW3CYVNJCORK8S655Y06WW9JM61L730HLPJIPNDP2UGM7W8PW3BD206OXG64CVP');

-- --------------------------------------------------------

--
-- Cấu trúc bảng cho bảng `filmgenre`
--

CREATE TABLE `filmgenre` (
  `FILM_ID` int(11) NOT NULL,
  `GENRE_ID` int(11) NOT NULL,
  `FILMGENRE_ISDELETE` tinyint(1) NOT NULL DEFAULT 0,
  `CREATED_AT` datetime DEFAULT current_timestamp(),
  `CREATED_BY` varchar(200) DEFAULT NULL,
  `LASTUPDATE_AT` datetime DEFAULT NULL,
  `LASTUPDATE_BY` varchar(200) DEFAULT NULL
) ENGINE=InnoDB DEFAULT CHARSET=utf8mb4;

--
-- Đang đổ dữ liệu cho bảng `filmgenre`
--

INSERT INTO `filmgenre` (`FILM_ID`, `GENRE_ID`, `FILMGENRE_ISDELETE`, `CREATED_AT`, `CREATED_BY`, `LASTUPDATE_AT`, `LASTUPDATE_BY`) VALUES
(2, 4, 0, '2022-10-16 20:41:48', '', NULL, NULL),
(4, 3, 0, '2022-10-16 20:41:48', '', NULL, NULL);

-- --------------------------------------------------------

--
-- Cấu trúc bảng cho bảng `following`
--

CREATE TABLE `following` (
  `USER_NAME` varchar(200) NOT NULL,
  `FOLLOWING_USER_NAME` varchar(200) NOT NULL,
  `FOLLOWING_ISDELETE` tinyint(1) DEFAULT 0,
  `CREATED_AT` datetime DEFAULT current_timestamp(),
  `CREATED_BY` varchar(200) DEFAULT NULL,
  `LASTUPDATE_AT` datetime DEFAULT NULL,
  `LASTUPDATE_BY` varchar(200) DEFAULT NULL
) ENGINE=InnoDB DEFAULT CHARSET=utf8mb4;

--
-- Đang đổ dữ liệu cho bảng `following`
--

INSERT INTO `following` (`USER_NAME`, `FOLLOWING_USER_NAME`, `FOLLOWING_ISDELETE`, `CREATED_AT`, `CREATED_BY`, `LASTUPDATE_AT`, `LASTUPDATE_BY`) VALUES
('andrei', '9P8VI4EJ80U3MGNEFEWJIIOXN4XVN0SJS7P1WPU25J FSDKVVQ7443WSG9N7JPKIIKBE6EOLHNAIP5I9L80E6UFMYNNN6VTPMCUR1EEX1WB3BABDDSPB3PLI1TKKR5QSGVD6OD9ITRT40OJO0B2YT0L9N7BF1NA2BH8TTECGQOTPULJDCI2LULD9S53Y8V9IJD4 P FH', 0, '0701-02-19 06:02:54', 'JUYXSPP0PJHCMUFWDN0DQDF5S27AL16KE23F74U29HR CKKT9B6N9AVY 87M0K450GLFIN8J1AAA49FKNJP3SI39D4534ST0VQH2NTMF9UT93N18KG8W19QC4GWACMS3IJ3K1HJF2UB20WBJ07QE8569G O OD6WIF0DN0AVNY422KSV4SI336OPJ9V3MU1PGU6203XT', '1218-07-23 10:26:30', 'QOFVK25FX9Q4A7Q B8QWBN400271O6UIKNYT206UIOHDPEEQDAX8UA DHT0XP3YKDPDUCN83UFO0S8J6DK663UQ3M62XVB0T60D0HXJT26IOVUX6XIE7 U1JQKAJT1SA5A457Y60L4MR F8WT3YJ2UG97  3YGYAMR4VWS4XV20HT62SXTL7KHD6NXVN8T1E36CLMKC3'),
('henji', 'FP680ONSXV2UYLCSOP46X6P7WA7CTBN2I6A51HOLIHKV5NM6YANLVMG1W1YB010QB92FH69UF5E5Q35QUJT8YJ5P5QLJMLHQCT995SOYKLPIHV9RT9GS64HH2JW 9M7O3LT 9QY2RGYYOC25D6O630VC0IXNW88U18 0ORY0 7SL4CFH2VVHS6JVEL0R6VB2TBC2Q485', 0, '1523-12-24 15:31:01', 'F4D2TGON  5A4Q FKQ0V5GF91KO4L AN41PGVU9FIC2PAKB8QFAKTE8UXKD2EDPXRQ5CTB5PCACCJ11UKVCVNRVF81FJXIV1LKPY7N84RCU3GOX7JU1LL1AFWEXGR057CR2MCXGWGQ TI8VRHYTHHVLUBSNPCT031BINLJ2RGJUJ5R0IRKTE2B04741B13608Y C52CX', '0405-11-05 02:35:47', 'PAUDG XLI35 XV2GVTLK6CIH2F0HXQBYYNX285OAE0Q975788NWO80TEVMKI Q2SMYSQ1GGLG5ICXTYXNL2Q2KITU7DA76UBR5OYCN9NNRY2NIPMAE05KRM0IQ43W6K7NU73CH3T6NX5KUQMGE387D2HN9T06YXDN2FBTRTPB5O1JIAHMF 038OY3E WOMM3BFQIAB69'),
('kani', 'OF PV49LEYR73BACEOW5GNRYDBVPUNTKBVT3W1RW2YIKHUMOWUJCH6RSG2EUNNMXKIYQMENUBHPLYUDFCWK3IRF2WNG MGW4J76IS2PGGXCI3U33C3GA3YE40I6YMULIFNLCR8ECSNPP U6VMMY CP4V3U0P  H3GHLDEJ3UOVDP87PLWK1DXBR0IWOCMF3JV7TW43WV', 0, '0303-07-04 03:02:14', 'J4D9C3EMQR67HE9LJT9I53F0O79VF1FKQM9O1IHU5 541VY6OQ1TJ8QAMKS9WG0EGWPRK V EYC1E5777GDF0CQ 5YRQ6E1LVORRH2Y2O6EBVRPVPLT0Q3KQE9SKO0HLYDFSKLOH1V06YDMUIBW67B0P90KY0IS8F1RW GJ1AWUSGTQ4PJ8E408DGCU 4CYQSEW14QJ0', '1414-07-28 13:11:29', '2E3QU0KT0TPMA8CPP3B9W2QLPOX5S26TS0X39VX1Q4YXW2JKQKA4646JBDTWRCEK06U1K5O5OF739CFG8TAREJT6APJ6BO1E8PNDKRDTYL72YLMS9XDE7RLTW7LPDNNU3ZJPOMD0WX7I6DO82HW U7D3H2U3FTOQCT4F0Q21XDQVUA RYNRB7F WKVLORUJ5YNHPA3OE'),
('mono', '4A7Q623YHWRWV3HCQORR7G2YYCNVAF7L60HVR1GH7P8SGIGOGJ44LASO3N2ESQ055M6K8CRKVKLO9Q1G4WAJL3N4WLXR4GN53A2MLC1F6SB9GCKW9AOVVYIS2BX8SESO10BXAV4WTH9DSE6WH924NE3WAX 6SV0G4SALB5JIHPG IDQ E8HGRCV8AFC7NHJVFFOU9TOE', 0, '0001-01-01 00:00:00', 'QE35WOE3IGKXT9 U7XQMJSAXQAJQTOCIDPULTG NQSAS8Y8SKFTLOSY63QTOVSEOX4URGQ9ISK2FF0B6LW5A2NRJF6 YQ76XVFX91 2J8AOSUA3S8QO4PSUWA9GO459JLP5C9HSOLO1AEB0FBQJ2XDX85WPN3K UEBMP5AKV8TAYDI8XLTXLJAIGCBE269C7HWQM7853', '0834-04-18 06:13:53', 'J4V027H4EUW9246LX8FDQH9VC21EU WPGYM2CPDNLKCLL 6NBHHVCQBHMNKHAOIIULC06QVK5 AFRO8UNATL7O515C 02AJHNG F24TJ544VD4S1DDIILN3V4XC1ASEMYJSQ4P KUFKVUC6F802EH0CMUN4EO5DB CI06B0YNXU68API0 DSI2 7TA7QPDN66 79OWG9'),
('noname', 'RYO2ARJ681 M8KMMEYDX4P6RINW74X51XR0LEAELLHEMHIV2KRXC1GC2NBT3FLX699PVRNUPBB4BQHE0AMRCTUWDEBBGGMWMUFYLIREAEVAJLT9IPJ87U PA8G79L51RT98M80BSSHBD6BB8XEXD0FG1MHHMRN3M9I8052O7JAW 776L3YPGS3KJ61JRD1KWD 0XY3BC', 0, '0947-08-18 09:46:18', 'DQN27NW6FJ1MWJDNTN1VR4HUQ1EQFYWBYGG0LM3VDV8B575XAT0OFRGX4 XQGXPSXTOJROSKEGC1M649LIF74QSP98UMVY1ITLBY2 SBROHSLVA 10OCB W1S76IFR26QL7U096UEYOVH905LM4DM0OMXCUT8ID9JL719PLQYRRSVS4NYO1QRRFUM4R9D1 0OG PO30B', '0001-01-01 00:00:00', 'K84SODXJDPGYDC8GSG22CCHI7V5I2EKAJGSFK997BC3F 48KH450MDPQSNBJLHLNP17Y46D27SHWMIL7U11W07YJSV G71 J8V2OPGGNJP0L38CE0U3W67ELBFQSL9BLDDFO7GPV18FCW0JHEO12DQ4WORJU2H RKFPU9L4SJ1XW8N0 I924J95RATTPM D9FJSV4BNW');

-- --------------------------------------------------------

--
-- Cấu trúc bảng cho bảng `genre`
--

CREATE TABLE `genre` (
  `GENRE_ID` int(11) NOT NULL,
  `GENRE_NAME` varchar(200) DEFAULT NULL,
  `GENRE_ISDELETE` tinyint(1) DEFAULT 0,
  `CREATED_AT` datetime DEFAULT current_timestamp(),
  `CREATED_BY` varchar(200) DEFAULT NULL,
  `LASTUPDATE_AT` datetime DEFAULT NULL,
  `LASTUPDATE_BY` varchar(200) DEFAULT NULL
) ENGINE=InnoDB DEFAULT CHARSET=utf8mb4;

--
-- Đang đổ dữ liệu cho bảng `genre`
--

INSERT INTO `genre` (`GENRE_ID`, `GENRE_NAME`, `GENRE_ISDELETE`, `CREATED_AT`, `CREATED_BY`, `LASTUPDATE_AT`, `LASTUPDATE_BY`) VALUES
(1, 'IEAIYU71 UPR8T8LIU8NMMV57WAS2OV9SJG7PMFSCQ18EF7YVIA24AQS7OCRU7SD LO2143JS7ASVMQG80FL0GDKJEY0YESAQXB6519AIQB5LYHHP8536P7HENJJI5AXM1Y1LWO2Q41OTRQEBE3TUF9LXCNY18F74TCSD RXHDN7A5DP  1NSTBY3N DF2X2LCA0WCK0', 0, '0783-02-07 12:23:48', 'UEWP4GY6MEU7FIHR0SYQUV6I33N8H23SV1CMW7FY0LBFF96SIPK3H6BFQMWP0DR99R5K13PX7AF8E8XIBFI6MXDSJ5GDUJLNDNBXTJNPNES ATWR8VAS5O VWWYJ1K00EGSWT6O8MF03CHPRSMFM93CEWP0K0IYR9MNNUSQY3LSR2YL5CWG8E16HH4DLENWRP5Y7 9BP', '0545-05-11 03:01:27', 'MVBLW5O1Y2VK94KYDQ933Y19BAI3G3F222I1FMOUM04RLSXF8V54 286G8R8TWEAUWV4U2Y J9IB5K59WUPTVBAAJV1V5C D2CM96KKNII76FFS8AA4VVRG9O6SSFR96DRWHJ4S3YV1XV6JCQBDN1C4 KGBELGORV0HJ0LASQWPU JHN5H68KU2HBEOSPMXB981RSSWB'),
(2, 'RL2O5MLPIAT04T5 05AJGH5VR193K2GMRQNSLA9MOQI4BK VJ2DLS98F58HAF699VAHMRDYWI3V5XQLE7J NO12FM5I50VYF4LWAFS W2B8GYLATGHJKLR788X6DIVNVD6GIQD91EOY2RA4GM4OTE1YAX J6IM6GFXSHANETDROF5MOLX 3FDC81K RA0F0 00Q10YNN', 0, '0516-12-01 06:16:08', 'HJO3W590553J12I7BAUIBFK JS1MMLYA67WLGT43P 48DO165P2C CMBUM4UMBNDXA61PO8LD2E HD54V8SVPJJE Q7VS4E1A98KIHQEUOJ4G30RG2T03JQ4LEHBEG9JS XU4QDFO9AMRQGVVM361RDC8ADE3HV6SH927NNJEMLWBU A MQBYD80BBBT 7J8L5F UCLP', '1135-03-18 06:42:56', '1 63NRRNMB880P6UNPRLSNTB92NWYF451TP1KRC0GW1931EOF6E35OY4SROL01895LKLF0IFN1CAQBA74TTLLCS7 Q61HHGBLUBFRFVGPI1Y7SC6QVF0LF1SKYEO9GY46KAR T7ULKRJXLBIS1HXMPO6UVDM7J3P53MINVNIWQX 9SAACD L8WYUM9 N7AN5DA6998LI'),
(3, 'F2AGJY4EEAJJ602FDQSNEJFJVPXUMCSLE E8BRYB45KTBJQ81TMJXQ5LU5FAKOJOFCI706W2WJ53DPA1FGSSMWH3HE5UN1KRTE1A7MV75EPH79OCBIS SFNQ4L3WYLNVTPMVYEDF7YQN1QHOE7CD4DH433AFWB50K31XLHLCBRWTHJWL9 9NQPIXKK2VAW6A3N5X0OFO', 0, '1244-01-10 14:50:03', '5CRQC 1C7B7I0BONOBL0B5OIMEI4BW1USFU XO2LLK HNR7FVN53ON 03XSMYNX GKBCE8UI4RL1B VITGXDT 6E6P03H45KMKYP5RBHYTH NA CI2DUU03E OR UVCUS7T93R9J7KGFUEJ0 L5PIWDDOKVWHTYRH477P46D2QHHKHF7968A 9FCE4KMCB7TBTQ0W7DC', '1531-10-02 11:24:39', 'O3RWNDKO DPWYHFF8DR893KS59N7FEQ2J0ALJ6U4TX7EE0WPKS4FBA33EOH9RT0INC8XF1 4ICVB7UHN2J90C5TNIHWXVTOEOC7IUL5C8CSH 9KBL22CGRI8H4YFGN9ESLIKBGVOP1VGGHS1O8CJN6CQQFGL6GJCR590F5U46XTECK36B9J91EOAAKXYT9N9VHEBU14S'),
(4, 'MK2PLQVOEMK164YWNYT7FUERES4UDKC56I8LT8WI93FBB1LSDH41WI8KA549CJIK YIA1P7S3S4TJRYCMNODUWOWLQL7YOROUI94HON5685CKA5E89ETNWFXWQ1CM KBK5WWTBQCLC5AJG0RXEBI85UVVN7R842CT1335PN2E9VI0U0CBDN3V1V0XCX4 K0N7PKKXM73', 0, '1810-09-14 21:14:15', ' QD3MRPNC9YFM4U3D2R8BBI1BB9VEYLXHLVI2 T8DSFL6R799SLVFS3WMRI2 1TPY6ECL2Y4H7O5LFAN82JUD3BAWNGUH7C1962LGMGIBVTT10OTX54UFN8B2E93MJ1SVBVJYU3C67 LR D1OAST DAVRC W9S0NYGOROD0G L5R79PEHSWYOPEL9 IPC5V5BCB58HSC', '0001-01-01 00:00:00', 'P6110F0TH9I AGY8FNJLOTKKV9YDTO4XKMKVTBNGVT346PBVP47F17YXWCN1FJY3HRH9QKW59KJB7JMDA4UTO994SMESAGIEUNUCK7WRI3E0AM8WVXUQSF918BOE90AOLQGY06364C3CAGSTL7EVQ40OE4RB8P1T6YWKXC7I OQ16I7N73HHRMW704OM6WVXLKID4F70');

-- --------------------------------------------------------

--
-- Cấu trúc bảng cho bảng `genrehint`
--

CREATE TABLE `genrehint` (
  `USER_NAME` varchar(200) NOT NULL,
  `GENRE_ID` int(11) NOT NULL,
  `GENREHINT_ISDELETE` tinyint(1) DEFAULT 0,
  `CREATED_AT` datetime DEFAULT current_timestamp(),
  `CREATED_BY` varchar(200) DEFAULT NULL,
  `LASTUPDATE_AT` datetime DEFAULT NULL,
  `LASTUPDATE_BY` varchar(200) DEFAULT NULL
) ENGINE=InnoDB DEFAULT CHARSET=utf8mb4;

--
-- Đang đổ dữ liệu cho bảng `genrehint`
--

INSERT INTO `genrehint` (`USER_NAME`, `GENRE_ID`, `GENREHINT_ISDELETE`, `CREATED_AT`, `CREATED_BY`, `LASTUPDATE_AT`, `LASTUPDATE_BY`) VALUES
('andrei', 2, 0, '1543-05-04 19:36:07', 'C9FH672G54LH 9L0E5 CU UTWAH7RVXW9D EWXUV6WVRM 1W1ITJE97QI2H39T6TECG1WLTLF9D6A050CY V56QT 7J7QVSJMT7OMYYYD6KMPIPALYB18M31M 6B1TS7L2KGVXUK77XSVSY7TMRM3KORLAV6AIPGQ1YFPJHKXL1E CQIUR56E48TQO6DV0MB9ESLF2ID', '0530-12-21 04:01:24', 'RUWFC3X1 2F50RSJKLUCR5G4HRHY5H419C4ND079YNDN8A2P4H4KDN7A5J4GBM9ICLPV2SDHL1LAD9IYOHT7IY1M6KYYWBD73I402PQ6UIG3KHX2CHJQ3MMD4I JT187NY21KIBDSAO8H5 BA97QLKDFI1LHIQA66OM59D UFF82DV3SNJX  4KCVQC9YPWHWB2ODSD '),
('henji', 1, 0, '0001-01-01 00:00:00', 'B897M7T2ETN2DXOM4O6GRQQL9FD7UBOF0X SV8PKLRPL5IXJ9 7MI9AV4M03DF4IHQV2FTHYXDPKX5WSTLHDO4YCPRBEJS791YFQO13EUEO5E07UP1RPHW7VLE 7COI88CM4O0IH23 CVEBF0C5ES9ENJJ4FFAHCN6SG5VH0E9JWDJPJY3925US5ESAN6 IP5AQOESS2', '1492-09-21 10:47:11', 'LH44L0FOU5GMNTMKLPTKDM8UL0UI3SHD7 HEU HS4N 9YYOJ9R8K XTLJXWBOMMQ1K2I6V1K3APN328 N3FC WWHQYA0TYOUUCTWMYLOT1YW4CUFIRGVOXG4QJ1RAR4LCCX2PUGKGPG7JFW1KQQCUW3O7YGXEB8GCGYTHNP7435 GCIMNWV0T2A0UF5X F1KNINYJS5A'),
('kani', 4, 0, '0633-11-26 10:36:30', 'HMAX2W8GA9ELYEFOI4VS6P4G3HWIIA8EN MWX470YUJYATSPFB66TS6N3AHE3PC27RTPTT6AFURK1R2GTG2V4 GJ4L I7YJH59AHKR3K8 XS6KGKVYCUFJKHFU7KTC6X 6600MA8FHSQQJFVFRIQ5IEXSXS0 3VTRNER1XAUIWV4PTRES5WTOX7KK43WQCJO24OTM5Y4', '0932-08-28 08:16:53', '1GW20GX6TKDC10F8D6NOLNTHVD8NJP6 FBVB00G0DR2HIAUKH8VKDXWJFNN18NXICP1PJJNBHT3AG PX0UEYM EAY3J664TLADEIUFJ6YCTQ5H16FOCQVDSNUQY4H8SER 68QIXERTYXFJRYAD2 7399HL93QGMUC3XILYEETOI7MCKF6G9X9MTEDI2H1PYIM6H49GEB'),
('noname', 3, 0, '1135-03-14 14:33:43', 'V7UOTHFLKA7E13RC3QMT9EE3O01SUWE7N FQDVHIYAL94CB09UJVW82IWIONQGVK4TD92DWG6XD K3V7 LOYO9E GD3BNKTBCTJTCPNNSVR8FAV IIP4IVIJK7TJNB6ORVI2NYWVPMJSQ4UUHU1IARNPUD01P25H8PFM9EXGAF9EF4KVYPPBRU6LB0GOOG020R65GM98', '0001-01-01 00:00:00', 'VYC3YOF5PV5EQ26DU 5EOO451F 5OPUS8QLYI0YPOSN0VJ0C276NPRUTUG86HJM0NMQIUOFGTPE3 2NT5MWWLHNSMS LM NYACVOAXE3HYO16OFYUG08HU12OPNDG8NPDHEMPE6V R2C1OHMUQJS 569EDXLUV6V5LYMJ5UQP8GQRVRBWHT A51O5UUJ8WJSV3I3NMAD');

-- --------------------------------------------------------

--
-- Cấu trúc bảng cho bảng `joining`
--

CREATE TABLE `joining` (
  `FILM_ID` int(11) NOT NULL,
  `DIRECTOR_ID` int(11) NOT NULL,
  `CAST_ID` int(11) NOT NULL,
  `JOINING_ISDELETE` tinyint(1) DEFAULT NULL,
  `CREATED_AT` datetime DEFAULT current_timestamp(),
  `CREATED_BY` varchar(200) DEFAULT NULL,
  `LASTUPDATE_AT` datetime DEFAULT NULL,
  `LASTUPDATE_BY` varchar(200) DEFAULT NULL
) ENGINE=InnoDB DEFAULT CHARSET=utf8mb4;

--
-- Đang đổ dữ liệu cho bảng `joining`
--

INSERT INTO `joining` (`FILM_ID`, `DIRECTOR_ID`, `CAST_ID`, `JOINING_ISDELETE`, `CREATED_AT`, `CREATED_BY`, `LASTUPDATE_AT`, `LASTUPDATE_BY`) VALUES
(1, 3, 2, 0, '0665-01-21 11:37:25', 'AA7KF 4YKCM2SHORU84I7OOSBR1XRQ4OG1O19YJ TYJOHJCD2942VXNQ1EKI423NVTJYXVKPH 8SVQHBV2IPICV6T40VHALEI2N OAX7G04JTY 9BMEBT8HP6NHVKIHNKFF6JCCJUW3IULPWR5G56LTSXSPQVJO INR1CULN5IJMESKQU1UYR24T4LU5NT3V4Q3GOBGE', '1209-11-06 17:55:29', '3NH87OKCBPKFD6SIRXVNC T FU3IDLUWKENM45RCFI8QK0IM4QPEY18AO3W9QBXR2SN2WOSLGL153X5GLKGN8B7DCS9CX5V65E356K4  FK078XR153RDKS8Q7RF8G0KY7A0N HJ5 9A899KRNCSLCD QYOR0FVG1IEJ3 WIJNCMJ6TXPOQE38MXQ43DM7CKM6C77JO7'),
(2, 1, 3, 0, '1695-08-16 21:24:09', '0NNDGCK1Q3RUXG3 ED 7FGY61H284MJPXA8QVY95U UNNN13PKWRSOLK7NXYHK2QS3JBI9KNC2QH 344K2P7 WDUU0AQ09UCSM4QNUWHKVB 8X6NLHUBU1VD1KGU3LG0TID0NT2GDVC00TJYYFQ89H7CJBQTE X EDNC0XA4DKJSYXX9IJNBE7PQRA6GNEO9RV6AFB9S', '0899-04-05 13:16:33', '89KIGQUDG 31UPL7R883WIGJSQWT434LTW1OFAD3OAGJD8SU3 07EEBB0JYH8F8C5G86LE08GB4EPUID2NPP4B0T ASPRMP34GRJTO3 ICJN11KQCGTDYT2UKHABFL1Q7W UYP9PY2XWO61V41NPUE9B9  Q17XCA43W0WFWKL8HXM9 4J6RQGNC12A5H6D8YX 2WLS9');

-- --------------------------------------------------------

--
-- Cấu trúc bảng cho bảng `lovingpost`
--

CREATE TABLE `lovingpost` (
  `POST_ID` int(11) NOT NULL,
  `USER_NAME` varchar(200) NOT NULL,
  `LOVINGPOST_ISDELETE` tinyint(1) DEFAULT 0,
  `CREATED_AT` datetime DEFAULT current_timestamp(),
  `CREATED_BY` varchar(200) DEFAULT NULL,
  `LASTUPDATE_AT` datetime DEFAULT NULL,
  `LASTUPDATE_BY` varchar(200) DEFAULT NULL
) ENGINE=InnoDB DEFAULT CHARSET=utf8mb4;

--
-- Đang đổ dữ liệu cho bảng `lovingpost`
--

INSERT INTO `lovingpost` (`POST_ID`, `USER_NAME`, `LOVINGPOST_ISDELETE`, `CREATED_AT`, `CREATED_BY`, `LASTUPDATE_AT`, `LASTUPDATE_BY`) VALUES
(1, 'henji', 0, '0001-01-01 00:00:00', '6UYTHK01WTKHKPRT3VWDA4S5NSM28 D9B3JH27N3SCB7JTK62M9WFHXKO5BSVDP E1X9IRBYL5CQ6046A3UI6N3YSC6R9JCUUE1R6778O9S V61DCV8P9LF2YPIDQWB0DJ4D7MGVNA5NR9RLY1EQ2E1XB32P6VJ0QAWA91205BC9M7N  6RPO5UV5VWL8YULV2HGRL03', '1266-09-19 10:50:04', '2EJF0EC6BBMMIONBG3O4XR7B6GHLRPJC2730OLY4HDR1JQIL5UPGSSTO2MAR1EE3NW3WFAQNSJA6JFQ30822184M4F3JSV64JOB1V0DXYQO0S5A7682BTLK103CVE63 5AL5UF3HKJCGWIORII0GOO664KHKLGVOT7R0HCNCY8RBM8VWOCAMDDFRQF0FD2TMILO67SBU'),
(2, 'andrei', 0, '0391-03-08 04:47:42', 'NH7AA0LDLSNR93UTQXQ8EC4MCHWIDEUKQCVE4IODFDHXVVP8XB6YNX5AYO4PCX08HW JLO 8FDDV845TM2N16DDWYQTI6P6 LJK14MDGAX76X96YX99K1P110UHQNH5SI1PPF8GLMF2W JC3S874SP09OKRR1WBJPBPVR7F7YK5MSWYN2KUTAXV4HRFGXCS8HO2GOY6W', '0732-03-07 06:25:54', 'C9M5MRNLY62P7RD8P1C3APO056UJ9LSD8WE YVXL3XDTA6JD58WLOGM69P UW0W3YA60TTGDUU PCUCO6HJOLM6PERFF0T7R AOHS15OA3O56MCKOIG09R00IT03JIM1JDJJQ7CN7GAWVKOY9NX79K8 B1KJOQH1ORK6V2XU7EOLRW04CX5QBXHTA7 BX6R769IDKLC8'),
(3, 'kani', 0, '1204-11-11 10:25:02', 'TUYDBHXF0GU4KN0OY067RIGBI7GER7KOJO0AJSVUBX3HISS43UHH8PN7KXT20UTXPXEDN1UKNGTIITUXMVY3E7W 2Y0XVAP1V8HRG86QTXNE62GFWEVH YOC4C2 HB5G4MECR7KP3L3 8Q92P69SUSS7AMVX2LFO1J4JBQVWD3ETCX3HGDWUSEBLQL33UP1GRTAH2ICY', '0288-09-14 03:16:31', 'S1MXEM2VFB934BUV3O PJMV96OFX7C1XHH1ACS38V9YOLNEYY9PXJCRGQH21U H J09 P2D45Y19LO37Q2YYTCG4DSWEEP 08AJN DD87M2C1XFBI2 BY6Q6IP0XF5UFHN3RVS6RV4Q726FF5 3HTFW AVJFR4U2328REJB8P N65BP292IUIXQBONPMGMC5J98 U WN'),
(4, 'noname', 0, '1703-06-07 14:31:40', 'HM1D RMT6UO844BW2VI6XBC51UD27YDV46 0D4CR3KPHQBO0MRCK VR72Y5BX7ENXPVD0KIKUHYCDHUQE2WWRRYQ65OAN53101DPFOHE7MT1VGI802IHJA695CHOFVI2I FDPIE3XRXSKH4E50RT67GXSCCDWUJFN5AXGH63WQ8499XQI1JH0OLIYWBF6WTGN6G3SHJK', '1852-07-13 16:23:50', 'NQM9X8GS7QDPWEYH3VFN7KQ4VUE1NQDDB0NV5PGYN7MTPD9SA5OXDBFR8KWFM9S33VXSH0HGSG1Q68 NLMDJOJCQF87B8EK3 RCJGQ3X38OK4 FDDNXH9VUCUXDSFPAWMSTL KDAUYLEJRENQ3RON3Q9ODHXCX2EKQBC4EX 4NV8STBNIKD L7FLUXNMHVJY20U1A9XS');

-- --------------------------------------------------------

--
-- Cấu trúc bảng cho bảng `media`
--

CREATE TABLE `media` (
  `MEDIA_ID` int(11) NOT NULL,
  `POST_ID` int(11) NOT NULL,
  `MEDIA_URL` varchar(200) DEFAULT NULL,
  `MEDIA_TYPE` varchar(200) DEFAULT NULL,
  `MEDIA_ISDELETE` tinyint(1) DEFAULT 0,
  `CREATED_AT` datetime DEFAULT current_timestamp(),
  `CREATED_BY` varchar(200) DEFAULT NULL,
  `LASTUPDATE_AT` datetime DEFAULT NULL,
  `LASTUPDATE_BY` varchar(200) DEFAULT NULL
) ENGINE=InnoDB DEFAULT CHARSET=utf8mb4;

--
-- Đang đổ dữ liệu cho bảng `media`
--

INSERT INTO `media` (`MEDIA_ID`, `POST_ID`, `MEDIA_URL`, `MEDIA_TYPE`, `MEDIA_ISDELETE`, `CREATED_AT`, `CREATED_BY`, `LASTUPDATE_AT`, `LASTUPDATE_BY`) VALUES
(1, 3, 'https://tackexinh.com/wp-content/uploads/2021/01/hinh-anh-dep-chat-luong-001.jpg', 'image', 0, '0001-01-01 00:00:00', 'JWVD6 CP1 8TYP651GIA2GR22TY5WDBS6PA41UE8S4CXX8 NEKLBCH7NSG1WE6J4TEVCAFWHX1SKE43 7IR7E4445DLXOOT42O27JYISVUNX OX3X1 F3XY9 CQ83 XQBFAFYCKFYW3QTYLWY7CXRBVW1CPAD39XXTAA F QCUF9CQTDND392EOX MY5ROXO5CTJJPG5', '1746-02-23 17:45:10', 'GOTTLG2H2PF9CKPQYLQTIR281QXFLU7Y F5BM0DFBGRAWTBPRBT7URVUJVGIU9J300U6II5O7HP7OTR6MUEYYLRN5K   2T541AF6H74C797AV5BHNGOESA9DII0Q9DFLTV5TJV24OHGNM M1UVT13ING44N5X NKA18XH07QMFXWQFYS5MR E27HGWVJD3WW09J9BYL'),
(2, 1, 'https://lamdong.gov.vn/sites/snnptnt/gioithieu/dautulamdong/SiteAssets/SitePages/Anh-dep-Da-Lat/73208-canh-dep-da-lat-1570724101-85PJt.jpg', 'image', 0, '0829-10-29 06:49:21', 'MCIY2K2NCI9M2 FVHYXAV65RE6 0Q1EX21NVJR8B3HJPFSKP1VNKKLT2P07P6X9CHRU9AS W5BWM4YAOD3Q5A93WO74V3CGDAK2M82CJCRAR7NA0 ADNCDHTSLINHRN84RRR4NDASR6 HRAUP9B5VTLBT5KJ DK0XQXXGA63UEKHIS 9M2T3S52US33H20XQY24RJBVU', '1424-12-21 13:00:39', ' XT B5EU4KWJ61CL3LD5DWEHNUIEV HM90NV46B47MCOO8JBMLLJUM3PXEDIK7SF0T5DD4UJYKIIEQMMJ7 KQXJC2T2OL40I8H4AUULJ82LPM57XQUE0 AJ3BOA SDGYSUDDLEO OHTUS4G3XOPKSAJ1P3SICQ3D7AU900R6OSHERK0EMHQTNQGM2WC6O6BOW0DGP 1T'),
(3, 2, 'https://r-star.vn/da-lat-thang-12-co-gi-dep/imager_15495.jpg', 'image', 0, '0509-11-24 03:25:46', 'WX6JPCPY5AOTRHGTLKJT615H1FEVNX 7KHUCXHBA5B57X2AA03KVI42DSOJ3M6NS1Q7XC1CFG SXJ0YGWGGDSIDCR3VPID K5DE16ROYNYRRIREMOLJD2HDKI4ACN YYXM138I4QDHM8GSKCX1NRXEDMUS1FXGFMJ73EX4EWGBCPNI8FER 6OMH7MKT8XA5LAE0 FH2V', '0408-09-02 03:04:28', 'LKKNFMW04V6L03MW5YTWFSHX9WLJTF5005VUSAN0P CC JJGFE58PR4P9MAHIOTWGEWK7MLMXQXSKUOVODQ8O28XHVWG  7SQ87ML7D55BMBV F60NJ6YA6M660UFW TC88O5Q6BHK19A1QTFMM7C8Y6CQBTD4DPNNKCB Q6V1USGA2MMD1CYS0FSDJKOG2FSBS4W18B'),
(4, 1, 'https://r-star.vn/da-lat-thang-12-co-gi-dep/imager_15495.jpg', 'image', 0, '2022-11-03 01:18:41', NULL, NULL, NULL),
(5, 26, 'http://res.cloudinary.com/dxo33nwtz/image/upload/v1667733587/test_folder/xorxwolxvhz7ijvizate.jpg', 'image', 0, '2022-11-06 18:19:48', NULL, NULL, NULL),
(6, 26, 'http://res.cloudinary.com/dxo33nwtz/video/upload/v1667733587/test_folder/qadpku81yczxahmk66rk.mp4', 'video', 0, '2022-11-06 18:19:48', NULL, NULL, NULL),
(7, 27, 'http://res.cloudinary.com/dxo33nwtz/image/upload/v1667733665/test_folder/zoqxwlahlkqhrnbbqipk.webp', 'image', 0, '2022-11-06 18:21:06', NULL, NULL, NULL),
(8, 30, 'http://res.cloudinary.com/dxo33nwtz/video/upload/v1667733942/test_folder/ffyw27f2hlaz0twuvtkn.mp4', 'video', 0, '2022-11-06 18:25:43', NULL, NULL, NULL),
(9, 35, 'http://res.cloudinary.com/dxo33nwtz/video/upload/v1667734117/test_folder/matlpywae5qbodyjrsgf.mp4', 'video', 0, '2022-11-06 18:28:39', NULL, NULL, NULL),
(10, 36, 'http://res.cloudinary.com/dxo33nwtz/image/upload/v1667734544/test_folder/vvrvinxcnjgfq07rgeve.jpg', 'image', 0, '2022-11-06 18:35:45', NULL, NULL, NULL),
(11, 38, 'http://res.cloudinary.com/dxo33nwtz/video/upload/v1667734671/test_folder/cwf4ahudfpnrbdmuq8wz.mp4', 'video', 0, '2022-11-06 18:37:52', NULL, NULL, NULL),
(12, 39, 'http://res.cloudinary.com/dxo33nwtz/image/upload/v1668183488/test_folder/dk20otzqht1g6e5rgqrw.jpg', 'image', 0, '2022-11-11 23:18:09', NULL, NULL, NULL),
(13, 40, 'http://res.cloudinary.com/dxo33nwtz/image/upload/v1668183538/test_folder/buts9vkhtnrqnpck4cxi.jpg', 'image', 0, '2022-11-11 23:18:59', NULL, NULL, NULL),
(14, 41, 'http://res.cloudinary.com/dxo33nwtz/image/upload/v1668183636/test_folder/wby6zt45qevvv516txkz.jpg', 'image', 0, '2022-11-11 23:20:36', NULL, NULL, NULL),
(15, 42, 'http://res.cloudinary.com/dxo33nwtz/image/upload/v1668183697/test_folder/dhgi0ygrovztfbc1pebv.jpg', 'image', 0, '2022-11-11 23:21:37', NULL, NULL, NULL),
(16, 43, 'http://res.cloudinary.com/dxo33nwtz/image/upload/v1668183800/test_folder/fzj35nxfwuyndvg6z8d0.jpg', 'image', 0, '2022-11-11 23:23:20', NULL, NULL, NULL),
(17, 44, 'http://res.cloudinary.com/dxo33nwtz/image/upload/v1668183838/test_folder/uuy2un2zjxb74mlngzrf.jpg', 'image', 0, '2022-11-11 23:23:59', NULL, NULL, NULL),
(18, 45, 'http://res.cloudinary.com/dxo33nwtz/image/upload/v1668184007/test_folder/r14akwr99cy43qncarxw.jpg', 'image', 0, '2022-11-11 23:26:48', NULL, NULL, NULL),
(19, 46, 'http://res.cloudinary.com/dxo33nwtz/image/upload/v1668191481/test_folder/lnxez7hkiwqsb0swyssg.jpg', 'image', 0, '2022-11-12 01:31:21', NULL, NULL, NULL);

-- --------------------------------------------------------

--
-- Cấu trúc bảng cho bảng `notification`
--

CREATE TABLE `notification` (
  `NOTIFICATION_ID` int(11) NOT NULL,
  `USER_NAME` varchar(200) NOT NULL,
  `NOTIFICATIONTYPE_ID` int(11) NOT NULL,
  `NOTIFICATION_USER_INTERACT` int(11) DEFAULT NULL,
  `NOTIFICATION_ISDELETE` tinyint(1) DEFAULT 0,
  `CREATED_AT` datetime DEFAULT current_timestamp(),
  `CREATED_BY` varchar(200) DEFAULT NULL,
  `LASTUPDATE_AT` datetime DEFAULT NULL,
  `LASTUPDATE_BY` varchar(200) DEFAULT NULL
) ENGINE=InnoDB DEFAULT CHARSET=utf8mb4;

--
-- Đang đổ dữ liệu cho bảng `notification`
--

INSERT INTO `notification` (`NOTIFICATION_ID`, `USER_NAME`, `NOTIFICATIONTYPE_ID`, `NOTIFICATION_USER_INTERACT`, `NOTIFICATION_ISDELETE`, `CREATED_AT`, `CREATED_BY`, `LASTUPDATE_AT`, `LASTUPDATE_BY`) VALUES
(1, 'noname', 2, 0, 0, '1421-05-11 16:44:47', '5UNH VT6WFCYGLXI2SFQ5GOORX9DIOXVTNH5X5HSST6ULBT7W5DKL06QFPQU8JMHR33JESH70 EFXMI4ENNAD3LE4UYKM9D6 FTXVIX8FKA4HNODIKON8NHB6GV1FPSBGWAPEDRAX4GGT1UNB28NIX6R2JOV06909NDEKYQIH5P61PBDT8CF1PQN60UW7CX GNASI4BN', '1560-07-20 19:34:47', 'R6K8KO2ROV09JQ2D03SH5OI8D9PQQBHUD0P65PE4EIJ5JCJ3UK0F4E6HX1WE777N7CKI5TMIS00TMNDJ0HPIUA02SW1V8GVNQ7AYMY1DO5ARD0OMYLSDQD8MDU838Y1CH4G D7SI09PD3UHLDAIDUPY16H0SCN5M773XQKYYY4 PPKPW1DKPXC7H W9FBHLLQ2KTT6H '),
(2, 'kani', 3, 4, 0, '0693-07-28 10:42:33', 'AN0XNYDF728H37J61XX1GCB2O7QQUWGKG0GPS9T0MGQDKODLJS7CPV73HGQUI9W2VJNPSYSWJ44AO3J45 UPM4OTM1KSGFD9VG1RJTAALCSD8FLH12BU6G1P43481D6HLP6L5PVS845P9PKQ8A6FMC2JVDBM175JXTKS OMFN0M9342CJKY2HF4JFD3GD9NMJ2TWR 5M', '1087-06-26 07:53:38', 'LE0X098WLW0MEGY9CETIW4C8PKNJ2PTMR5GXLUCVLDYJKOC VIY65LVEVAR67PQ7FVR 7S 51KW103765USJ4JCQLH8KPS4FWRN34I8Q6VVF1Y1RNDQIEDTBPT9EPPVVQHB09G3VG89SNK4 XJPP8G8L7JD619TFLABA81G5F6T0H9QBRCXLMCF9ADM65CL7AXMACR4E'),
(3, 'andrei', 2, 3, 0, '0001-01-01 00:00:00', '0 YKXHBE0K9214A2MX 96FBL95RI16YE4UREPCD 6HLQT0IX9X M6C33FY0Q T8 0X PWEI4HPYIE0WKMJU53 5OO98FDRVUSBLSWM9EC7I6OMARQ06ELMTIWRN4TB2QDDREMMTH1DM20369GSPFSB6PUEPVEMNHNSSWBX12TQP04GPVNQBT2YUI6FXAIO1WDG55MQGT', '0001-01-01 00:00:00', 'UUT0EHV2NDHJ 1PPT 6J2ID6B9FADYN3V8M 1 UJ1098YHI21CORXD8X1PF68ISE94ER3U1BJEENGI9KL9IUP4FSXSWKS7TAATHL0VDWUOYTH8R5WUPV9ITGBT3XXPWCG4LI TP2VEEMRVO3JOQT1F6TOOPI4Q8GEFXCSKQVNPMPMNLU5VFD6O73MRRDK0SRVM OW 3P'),
(4, 'noname', 4, 2, 0, '1179-10-21 13:15:46', 'UH4O3P 62Y7N8QL10TVP4M1J9YPMDY5TIM5X9VJD4HUBUXJ4LGG3I8XCH45P8R7RVSLIHJE P4VISETOGMMGNC 9O76TLEIK 610AHLDW07RPEVLXIWJPWA4PU638X70H2YBA0ERCANVGSKP EPATIHH4QF00WUTPRNKCXM3G4WYYU2H9NB2F9HO4I2AYGCCLKG6CME5', '0539-12-24 04:50:22', 'S68OUP5BW82BCDXGNRBBLGNO5VNJA4A8XB YPPKW3TIY5 YN58WI7LJIM9MOIL5K1 5Y75LYVIT40A03Q 6UXXA4HH1NJRR6U43XXKS3NDA4AJR4OBOX5JYQ89XN0TQG99KW2LL80UO20XRBIYC5VKFUKWQOB1K6DEPNIUDIO 2STRGJV7JQU5ICA5AFEPNCE52QS EE');

-- --------------------------------------------------------

--
-- Cấu trúc bảng cho bảng `notificationtype`
--

CREATE TABLE `notificationtype` (
  `NOTIFICATIONTYPE_ID` int(11) NOT NULL,
  `NOTIFICATIPNTYPE_NAME` varchar(200) DEFAULT NULL,
  `NOTIFICATIONTYPE_ISDELETE` tinyint(1) DEFAULT 0,
  `CREATED_AT` datetime DEFAULT NULL,
  `CREATED_BY` varchar(200) DEFAULT current_timestamp(),
  `LASTUPDATE_AT` datetime DEFAULT NULL,
  `LASTUPDATE_BY` varchar(200) DEFAULT NULL
) ENGINE=InnoDB DEFAULT CHARSET=utf8mb4;

--
-- Đang đổ dữ liệu cho bảng `notificationtype`
--

INSERT INTO `notificationtype` (`NOTIFICATIONTYPE_ID`, `NOTIFICATIPNTYPE_NAME`, `NOTIFICATIONTYPE_ISDELETE`, `CREATED_AT`, `CREATED_BY`, `LASTUPDATE_AT`, `LASTUPDATE_BY`) VALUES
(1, 'C9M7KF6RR JRJBQER1OY160PB4EU5IWUOK YB177 YIILQPF7HX64EA49T9OPX4 0RURJ91 LET02R1KVWM5TGV5VYQ0NPTNFWD6UMI02CK6H408PK0BVFQ WCH56IYYTLWN3QWPIJWTOKE8HJE4ALI5 K5EQA5FS6NKFF0SY91NQ3LUPF2VC99MFRGX21H SM06AO7F', 0, '1106-08-07 18:39:44', ' D30A3AR0FBS2A9WL4B6OBDL3L7D5 DHA5R40HXUAY6F53CPTXLARBRE6R0JGQ SYX3W9AWX9297AHPUM7RJQYIADD6OVYSPY1GPEX89K4WIIGG8JKEMO644EIM4SOW9FCJMAUVB YQIL5L1B2E1CWX14STVA09UN6GKJJLVGXV6VL2PTD32747FLEIT12R 3GR5FI6X', '1611-05-12 11:57:42', 'UUKX0QSSBPE3QQ2H08DCDT7I4QU94E667LRDJAT6U1TDVX7 NRHE N 2 PGOT01MD6O0KD38EQ8JKLNICIPOLNP9EK3XWM6DJ9KAYROY VK4MI7T7BUV8XAQT1TAWXR3TRV6WWAHJUW39AFLBAVACG72P5RHRGLJ7Y4834BY CG14AGMNR PTUQWB78UTE7JNA3ILIQI'),
(2, 'PA813WR9C7M7Q9X5Y1IJ0U3DDM08OLSL6HIXLCGRTMTXENVV KQVCDNNY6H19STP28JEM9K8FB77SS3FOMS4ASNLS9G6CWMTA6I6D8P45PNTS3FH9QFGPOFCQOSD01ASFPOSEY1AMX0GM994R3DWQUWFBVB9LCHWXSAQI97 DS4OT JT IEET8IU YYER6DU 2MEQ6FV', 0, '0000-00-00 00:00:00', 'Q4WDW7EWYIOXMQ3IE3A4SNXXC97E942GNP4AORO A2 8XPA WSLKL TASW3HL37GL1PARDMTJPGNWWEWEGB2J7IY07 B9BQIC DBPQC5ICOQ3PHCX910JMAHG SGUCCY53MAYS5DDMW03URYU80XIVG12T3HS TOLTI6SVICQ 05A7LU05698UL94 22IC33Q9T0HI0I', '1033-07-11 08:14:34', 'GSMKKBQ7GN5GSVYBJ7I29C3HY0TRUVQJP7T6C7K0NL1DOM14KBFVGW26EAIW9IRNJ0ERJSHPC96B7ISRQ93MR7Q5 KAN3X2UBC75V2VI9RKMK1UIEBYG5KA1TJ85CMNFBN7QKRQN0EA5FKJQQ0JYY5KM18I0AP4SPNHD5ERB4XMAU6SSW8JA V3NL HDP8RBLCCIMB9S'),
(3, 'L3289FH9KR5R4UT1I6CMV32CB8W6EDH0I9GQ547ES1U4GC4PTJY4SQW179U289 4E3XJ4BYIWX99OSUIKVUYTDLTV0FN9UPGLVXPEQ1VDKG8OQI0GA LVO8MMVO0H9JR8KW4F4C6CMH4NVA3YKBG0KGWHXQ38SU55PAN F7JRIIU13S3D3TRO1EEBUOT4WJ50LM03TKG', 0, '0821-06-09 12:17:05', '96YUNUYRQW2420RGNA W66HEB31YKN0IHLGDMIAY8D1M7GFCQT15QS2T93UU2CWLCU6UU15CXE58PVD TRM1MM5645GBOC9JV06BI7JAT2IRB38O6G8FJXB0OYYH6FT9PKCFTMMBKS1PVWYVOJ2T7SEWAQ56GBPSYDBKXWY69EG79 R7R26DBALMX MUCO8B9PHP6IBP', '1976-09-06 15:54:21', '17209R82Y4S5FF VEAP SYIF Y73CK7E3H5QKY41S1CRVA2483S01E JQ2NM518HK9OG 7F4BQCVAQUATHN9HXF6NIG28DODLBIQ8PPVA63R3RD7QW70INSTHFH160GH8PRLDJ6RBL4939HSI1M2UFK1T6TK0668HRMNWESD0J0OJSK LV7TQ 1E6HNA4V4265H QW1A'),
(4, '4L5B0UFOQJDTM0LSDT4T51L11KBODKF8J6GC63ASMTP3YJPDR7V0BKN9HAX5OD14IDA5695M9XFPHP9MA3IF57CWXRAKHK0J43W37YG3B2 MNIH3EAVWGLXFWJVVCPV991NESX6F88UO344SE9S2FL4WQW3T2JKGKHVAO3UB8 JNTUH4A34KH58OKSJ6T PSGD R JKT', 0, '0001-01-01 00:00:00', 'W 4GXE0JUGTJ4RDS2WSD7GFVKD1OOS0G7Q1BRDVUWKFHV67V6233GBKSL353TAL6N8B786C6AC1JU12R7QAF8CV2JUQFHLT1GXYEY4PX3TSMNXI39RS8ALE1TPUPTJE7M9UBQ2OA11OV0YFG36 NHQIPGSF92GFHPOUQIDA6H5NRQQ516X51TV  65FNPBGL OPPFY4E', '0557-10-09 03:10:26', '0BN 8M4P2DHGWMPWWTQ7SSQUWMONUWACC 1J18VMB3TE8 LTKVUXTHYBRYVPQXAOJVAUDUVA33LXXYMCCHEXG2CTTOVDI0QS3SALHXWK0WM FDLA74AMOW1AMF2UXCAYER1X2QEEI8T OT0FYHN0T5SMM3YU X9HQ7QM6CGO179YWO LDLPIOR1T5V7L9IMPBQPXAKTF');

-- --------------------------------------------------------

--
-- Cấu trúc bảng cho bảng `post`
--

CREATE TABLE `post` (
  `POST_ID` int(11) NOT NULL,
  `USER_NAME` varchar(200) NOT NULL,
  `POST_CONTENT` longtext DEFAULT NULL,
  `POST_SPOIL` tinyint(1) DEFAULT NULL,
  `POST_ISDELETE` tinyint(1) DEFAULT 0,
  `CREATED_AT` datetime DEFAULT current_timestamp(),
  `CREATED_BY` varchar(200) DEFAULT NULL,
  `LASTUPDATE_AT` datetime DEFAULT NULL,
  `LASTUPDATE_BY` varchar(200) DEFAULT NULL
) ENGINE=InnoDB DEFAULT CHARSET=utf8mb4;

--
-- Đang đổ dữ liệu cho bảng `post`
--

INSERT INTO `post` (`POST_ID`, `USER_NAME`, `POST_CONTENT`, `POST_SPOIL`, `POST_ISDELETE`, `CREATED_AT`, `CREATED_BY`, `LASTUPDATE_AT`, `LASTUPDATE_BY`) VALUES
(1, 'kani', '0YRUV2G33YJUI6C5RC6G8A2ELJBVEMXMFH9UVMVPF2MPLX8LFNMR JGO2VXLQ397GD4II6DWNTY4W03IJ0YADX8QE1VOK8 17KQ1G4YTGEB4TLGHL1M RORS7BJEFPH8NBI8NOCQE9L62QK43L6EVY013CEGAWUWP67ALSTV03VAS8A1DWDJSJOSIX37G0R67XK338FHQWE2KM5WPC3 341BS9GHR K8UOLWDIRXU1IKCACE9OEUP54X8QFLAK9', 0, 0, '1353-10-11 13:46:30', 'VY  L4SPXI0D7L769HA6J6CK6W9D6QGONJS24LD4KNQ6L6Y17F5MEN1COTY91M0UHBJFG71OH3I 9Y LIVO9R6PQMG39G2E5 T2V7A3VDSN86E4JCLXD5L3UVJLRNJFGW0J2N7NG7AT5V 5V0U9 MTR5GFVTLKST5HMHSDRJ O2RL8PU1GIW0P9AGVOCSN5PRA9A76FG', '1136-12-03 06:59:06', '3RH6KMRVPTWB Q3Y4DC8H3GPTX7BJCE8B6U1VOS930RKYXUBR YQSNNNBLCSPEHTM09SC2LRSN6IOIUOY4H4BXLGXXGARXNI6U86W5IPUV1SJFEGTNH45UUP2V VS0 G1XBVTDBY3E9V8VCE96GBQGHF 1BI3T14X41FMCDP3PR7Q5 PYW0AOY31NPY2BTYFG00C5XJK'),
(2, 'mono', '80M14Y0H4PRP790H7GBNM2SPO34B61503KOSJNOLW4YE1BB79CX8TKP4OHKVNI0K3YL4L5M UTX4172N IIDEP36EL0UNVTIIN H66VLIHTJGF3JG314DWSPQ5K30VKY6BCO8  31TRKPYNFE6IXR6094WBNQRRSNI3PYCW ALQGDCDK6URFU3D7RK7XYC7P5WIUNJXHQKPO6MC1SBLLYQXOHY4J0Y85I6TRSFTMJJG30G Q RMMPN4NQXTFBFF', 0, 0, '1819-11-01 19:07:12', '9C2WNUJ2WCAKYTA2FNDSERXHVUD7FVIFHGYTB NPFXY61S0U3T1GGL61Q5J2INDBGWCPH6LTSD HI0MA16R55UAI6R2A34W28KU3YGLWNX4LDW2NUGMQUMA5R4OY78C3S 2BQYFXHD3IS0WKQ0S584PLUG5187JBRCNR5 E7J7P5A372UVD48RMUKJ9DUBSYMJ9MR2CH', '0001-01-01 00:00:00', 'P1QBP3R5C4B2GVYKYL19E9NS3FTCV1D12LJQ0P4 LT0E PE4IKT09P3SR7DX6XLSEX4HHM6TODTAXV57DU SA2HJ23DO52EUWOSX6W3AX7P82AMP5VDE6HSG7US3PYHAH7TCGPMICGKNH1SW7TTNY6J92XKI0A3M FK YC1XSUFTHD7IPF74VKQ6EFO7JW0QX GXMB3E'),
(3, 'noname', 'YXKY227IAVC4KL  77BMQT292JM8S5DL5782TU27RC2NOP4ITP29EHIA7WS1APA5KPIJPFVV0F16F7B62C81H6YBNG1JWCW3D95FUT PNHBVH8CW9DDIKISBPJQX9CJP3GIU68VFQRKYH9596SPC2CLT36TFXAOPPQOWM77DO75NW0R7YE23DV3T A1CE10GI9CQ0LSBAK0A6HEC6S1HPJ7YUHNY QAPA1UI2FMKUET4MYISRAR5B3Y9N7NK0TI', 0, 0, '0001-01-01 00:00:00', '1R5HLV7VML8R0N55N2F0N4YJGI0SGC0DNJX 7WRVIO2H46MHSGWQJG8B981RMHDVPK3SFMKQVBIPUSDGJ7LWSS3KS7NTLNBQGEA9B3WYFIR3C2U E2KO1KGVM6 1MDFEN WI0797GPS WJR6G5KYW5HXR8U1Y5KLMO45NQI9SOCCRM4881691RMOSXV5WAW258XLEGO4', '0574-07-16 02:52:10', '8QNGBS6 OVW4 5NP2H8MX0U2ANMFQKB6F98GB6KNJCJVB51CPXGPPWCJ5PMQJUR L6XEO JAIHW0TUO6TULVLIJBBK5PQRTJOTW0G4F35 CURMO6QEDABXIA66IMS8U0E8CX1S3QR35KR1OPMHI0VCWT 82MEER C1JO28XAGTQBNQSJDKR2K3VNP 7UJJ ESMQOIVV5'),
(4, 'henji', 'EA0590DO8HDPPWW781DH2S1SROA SJ7XGL6KJ394X0X4V2NA 0GLQ1I6J2 74F674AG 0YK32A479UVW6IAFNHAY9CV 7WS40VL8FP7WT2WFRQB4SV587B37YNXO331 HGG2QMOD3R75JG7HL2F72U7DGP5N47GHOTX5921NNH0L5RCU4OHH3JDCDXI2WN2QKGV1KNTC XEY9O1KP1Q2J3YF4E32B H8TG88G23FDJE9 B4BF1MVVASBUU NLYR', 1, 0, '0981-07-22 08:02:10', 'LS3GYEW6 9UF5MPG1PFXNSS0YQEVBTT64YGJF0EEPDBXY61UQXXJNH09Y2U4KSNL7NNO81C8GOGDNKB GEQVNRPA2I H THP4ARP5G18 4PSL 74OXT9TB5FQUKVX7K K0NITKTDGG641XJ0A1S3B1VEUP1DLKBIMRPYSWB8G5LG45A0M1XT35HLOIF 3TAVT83YKB7W', '1700-12-22 11:54:22', 'US9 ONXNK6DGI7XQP16A2PKYL5V6N848XD580HHSJ7A2PT7YA75VMXLY4W8PIY 57B5LLK0W28XDLB686YNXKSHXFR19YE26M C XR59GO8LKO1D90SCFR4B40SN2OAWXFXAQ33NQO9 B4FK4PRW5FY4OK0I5225NC072RI5SV1LT0JF74QAUL OB BCS FB23UE73OC'),
(10, 'noname', 'aaaa', 0, 0, '2022-11-06 16:24:44', NULL, NULL, NULL),
(11, 'noname', 'adas', 0, 0, '2022-11-06 16:25:53', NULL, NULL, NULL),
(12, 'noname', 'dda', 0, 0, '2022-11-06 16:26:52', NULL, NULL, NULL),
(13, 'noname', 'asd', 0, 0, '2022-11-06 16:29:24', NULL, NULL, NULL),
(14, 'noname', 'dad', 0, 0, '2022-11-06 16:30:33', NULL, NULL, NULL),
(15, 'noname', 'asd', 0, 0, '2022-11-06 16:31:10', NULL, NULL, NULL),
(16, 'noname', 'asda', 0, 0, '2022-11-06 16:31:51', NULL, NULL, NULL),
(17, 'noname', 'ads', 0, 0, '2022-11-06 16:32:30', NULL, NULL, NULL),
(18, 'noname', 'dasd', 0, 0, '2022-11-06 17:58:36', NULL, NULL, NULL),
(19, 'noname', 'z', 0, 0, '2022-11-06 17:59:31', NULL, NULL, NULL),
(20, 'noname', 'das', 0, 0, '2022-11-06 18:03:19', NULL, NULL, NULL),
(21, 'noname', 'das', 0, 0, '2022-11-06 18:03:45', NULL, NULL, NULL),
(22, 'noname', 'as', 0, 0, '2022-11-06 18:06:02', NULL, NULL, NULL),
(23, 'noname', 'dasda', 0, 0, '2022-11-06 18:09:22', NULL, NULL, NULL),
(24, 'noname', 'asdas', 0, 0, '2022-11-06 18:09:46', NULL, NULL, NULL),
(25, 'noname', 'asdd', 0, 0, '2022-11-06 18:17:02', NULL, NULL, NULL),
(26, 'noname', 'ASD', 0, 0, '2022-11-06 18:19:47', NULL, NULL, NULL),
(27, 'noname', 'Linh khùng', 0, 0, '2022-11-06 18:21:06', NULL, NULL, NULL),
(28, 'noname', 'adasdasdas', 0, 0, '2022-11-06 18:23:17', NULL, NULL, NULL),
(29, 'noname', 'asdasda', 0, 0, '2022-11-06 18:25:19', NULL, NULL, NULL),
(30, 'noname', 'asd', 0, 0, '2022-11-06 18:25:42', NULL, NULL, NULL),
(31, 'noname', 'asdad', 0, 0, '2022-11-06 18:26:15', NULL, NULL, NULL),
(32, 'noname', 'asd', 0, 0, '2022-11-06 18:27:30', NULL, NULL, NULL),
(33, 'noname', 'aaaaaaaa', 0, 0, '2022-11-06 18:27:46', NULL, NULL, NULL),
(34, 'noname', 'hahahaha', 0, 0, '2022-11-06 18:28:19', NULL, NULL, NULL),
(35, 'noname', 'hahahahaha', 0, 0, '2022-11-06 18:28:38', NULL, NULL, NULL),
(36, 'noname', '111111111111111', 0, 0, '2022-11-06 18:35:43', NULL, NULL, NULL),
(37, 'noname', 'asdaasdsdsadasdsad', 0, 0, '2022-11-06 18:36:47', NULL, NULL, NULL),
(38, 'noname', '111111111', 0, 0, '2022-11-06 18:37:50', NULL, NULL, NULL),
(39, 'noname', 'hahahaha', 1, 0, '2022-11-11 23:18:06', NULL, NULL, NULL),
(40, 'noname', 'dasdasdsa', 1, 0, '2022-11-11 23:18:58', NULL, NULL, NULL),
(41, 'noname', 'qdqwd', 1, 0, '2022-11-11 23:20:35', NULL, NULL, NULL),
(42, 'noname', 'asdasd', 1, 0, '2022-11-11 23:21:36', NULL, NULL, NULL),
(43, 'noname', '123123', 1, 0, '2022-11-11 23:23:19', NULL, NULL, NULL),
(44, 'noname', 'ddd', 0, 0, '2022-11-11 23:23:58', NULL, NULL, NULL),
(45, 'noname', '111', 1, 0, '2022-11-11 23:26:47', NULL, NULL, NULL),
(46, 'noname', 'aaaaaaaaaaaaaaaaaaa', 1, 0, '2022-11-12 01:31:19', NULL, NULL, NULL);

-- --------------------------------------------------------

--
-- Cấu trúc bảng cho bảng `type`
--

CREATE TABLE `type` (
  `TYPE_ID` int(11) NOT NULL,
  `TYPE_NAME` varchar(200) DEFAULT NULL,
  `TYPE_ISDELETE` tinyint(1) DEFAULT 0,
  `CREATED_AT` datetime DEFAULT NULL,
  `CREATED_BY` varchar(200) DEFAULT current_timestamp(),
  `LASTUPDATE_AT` datetime DEFAULT NULL,
  `LASTUPDATE_BY` varchar(200) DEFAULT NULL
) ENGINE=InnoDB DEFAULT CHARSET=utf8mb4;

--
-- Đang đổ dữ liệu cho bảng `type`
--

INSERT INTO `type` (`TYPE_ID`, `TYPE_NAME`, `TYPE_ISDELETE`, `CREATED_AT`, `CREATED_BY`, `LASTUPDATE_AT`, `LASTUPDATE_BY`) VALUES
(1, 'JE574FOLTLOUY7HT3WBV31UFKCO94AD69BMVARQELLO55C7VJT 8AY8 JX2 AL2W QWATGNP9JYCJ7H1G3J8TCPISJ5HPSGGLEYTQHTMQVD1I3PA341 H3136QDMUKQCRDUEMIBCWC FQ1 NNKM6HRKWHGBVNCV56 WGC4TYG X8EW178FO1GTA3ESS7HDDEDTI 8LNQ', 0, '1423-10-24 14:06:13', '9MIXEELSA8JIDI5NCL1FJD07LTB2007PLBT1DIQEV66ULGCX7H0OMB2LCYAJB5FWHL84EA6ACHX5Q8QSTPKNAK7 DEAFV84 XXPOCLKMD8UMGW7QX62FEQTGQ6B2XMETHR0H3T0DDIUQM441XXUF XPU3F70X7T2ELXJSV1AEHS7B37SXY0CAU1TUBS7IEA6L037O6JU', '1788-05-20 18:01:51', '7CML7VB11Y6AWKKJH834O1GP32CTFQHVQMDX092K4CL013UXX7B7URYPKWKOHMGTIB3GXF0RA J1EEIB1XOLSVX4Y6WR3TAWTXK3BLS TEU4 QUYE4C3D2OF9315BKIVFECHJVBPHF5PTCI80V85JVQ628JM60SSM QX09TKMCUUWDEPHO3W5R 2FKNKPA8QBGTC7PRD'),
(2, 'VVG94NF859CK5SU1RM5L995TGSOAN2LRDEADHVLBWOWMTAXNL6HC78G5FR43OJL2PPTAQFEFUYS5NICSECNNGFFJ24VNR4CR2J34VSUU8I JS73OSHSBQ6EAOGGJA OKIVBG73IY80KNTWUI9A5T0IASBLJX013721VIIEP5 ITXPWXL9N71SDQH3P1I3YRHKL9XXFEU', 0, '1851-12-01 17:30:48', 'POR84Y2OYNA2HW3USFDMLGU31YT330AIXOC0EN75F5Y6GYC0F9CINH5J42EFL03OM4XNE7PTGPGYQY64HB5D8HJKN8UYYYPN588BVMOLH85QQVXAPL1USLXVWRIYPCRUNSY4T5RUOFCN6UH3MS8EW2PG MRIRWD 0CU0K53B1JFT15AKK6 JKERTRF0P6HAAY1PWM4F6', '1246-09-05 13:46:40', '2V39BSO4WIC274I  IG00A50TVJBK X374UC7KSBXMC3O8QYVURN6Y423TI4LWCTYJT4OIIBQT32LAC6TS9WF21II77MU2CTS3LAWEVC 6HP0DB YYBRWB134DUFV0JIN2F74U4O 93D0HWX3C4WTAMQD2GPA7SI26EUIEVUF1B6PJLLHFNOFIHJAFTDQ0CI2LDWCK0H'),
(3, 'L3FNQEP2X1JQGO30L9O12XNEA767XNCSGJIXNNGAP7JG1I0GQK5F AVWXGSOT6EDKMA8GHTPP6MIXO41M45EQGL3 2FQQ15NF5PTOK 11V8UEO3U9ARXL0CPJ42O4557G3 E8ER1QJX13SB0HS7L4C8GJYWBT7KP TEBG6OGOOF423UO1KWFEJ57U98Y4OAS7VFF2 V5', 0, '0001-01-01 00:00:00', 'WWOQVYI5SIQTNPLLJ136X3MCME5SVDF4CIMJ6FG40WAE5D7COMO62MV4F61WHPWRDM3LYNXJ8NKADYLCN62U7DSYWIP5W O4F6FAD94W0GS2SG 0CAM98WXGH8 EPLU6VI1I1QXUQABV7NBUIWW2HKI7LET4YO6VV4JOYBW1QCOEU36DU6JHMHCWIFB7282BMVQPJ 73', '0745-04-09 08:57:45', 'DN7UU8A 22VF5 F9J10AG  E6TBYQADL0LWJ7224A4W9 5EK2XX6OVVKYYO AN23Y5TX 99LFCQYBROJAYLTAS7N6EKFPS1WUR1ALOIUMKY2O81X3SGA8293PPF7M49AT9AIJ2PCJ5XTR LOUGNDIYMJYWGTP1XVJV47C62TARQ16BQWIC5F6K1PVEPGKRM987WLKJ13'),
(4, 'P3MPSGC1NTD2ULIP8YIGOST695P29M4WKTKX4I5CU3BMB6GVD8C8JKCN6T05IPXMU7FFDN9U46NS2RSLVLJ68UNXVAA4UKC84XLD64CSW5CQQNYQ7T RM69U7AMWLE7MTUKINVPJFDK6FV2BTYSY0YA7XT90J5XSB7 4BNAFYHOEL9T9XC8B3BKWP6NHUJJPTGPX00RU', 0, '0842-02-26 07:44:09', 'NFF0UCOXPHQCYG6FVE340NS6IJP311PVSAAEIGM0S5UFOFS81GKE7MM02OMDM2543IE35XKSPENBGU5AYPUUV43AANI598GSRS NC6FPD 2G5FJ3DAT4DB T07FI1EC71NKRA4YXKLBH57XT08M LQX34YSMNU5D5LXALYL78SV7CO6AMHQD C97HF5T994YE169HDL1', '0254-07-25 03:44:02', 'NJB9LD4VKCOKA OJX0 0XE4CLCQLTOD7U COSAP 0NQGY5W45YUYJ1J2XPION 3AN0B4F3OTDYMIBWEP2VOG5M6M05Y4QTJND H3DNL4PBEQI14NQRMBJ2QB6 HQRCARUMVPDT8RM7YTQ7AJR4K2K35LBSD2FQ79F39SBBMR8GV37 F1BR9S1EL2RQN8H GX1WBS0R6C');

-- --------------------------------------------------------

--
-- Cấu trúc bảng cho bảng `user`
--

CREATE TABLE `user` (
  `USER_NAME` varchar(200) NOT NULL,
  `USER_FULLNAME` varchar(200) DEFAULT NULL,
  `USER_PHONE` varchar(200) DEFAULT NULL,
  `USER_MAIL` varchar(200) DEFAULT NULL,
  `USER_AVATARURL` varchar(200) DEFAULT NULL,
  `USER_PASSWORD` varchar(200) NOT NULL,
  `USER_PRIVATE` tinyint(1) DEFAULT 0,
  `USER_BIO` longtext DEFAULT NULL,
  `USER_ISLOCKING` tinyint(1) DEFAULT 0,
  `USER_ISDELETE` tinyint(1) DEFAULT 0,
  `CREATED_AT` datetime DEFAULT current_timestamp(),
  `CREATED_BY` varchar(200) DEFAULT NULL,
  `LASTUPDATE_AT` datetime DEFAULT NULL,
  `LASTUPDATE_BY` varchar(200) DEFAULT NULL
) ENGINE=InnoDB DEFAULT CHARSET=utf8mb4;

--
-- Đang đổ dữ liệu cho bảng `user`
--

INSERT INTO `user` (`USER_NAME`, `USER_FULLNAME`, `USER_PHONE`, `USER_MAIL`, `USER_AVATARURL`, `USER_PASSWORD`, `USER_PRIVATE`, `USER_BIO`, `USER_ISLOCKING`, `USER_ISDELETE`, `CREATED_AT`, `CREATED_BY`, `LASTUPDATE_AT`, `LASTUPDATE_BY`) VALUES
('andrei', 'Y J0KH9VWMGF0NUOY5J4 4AIKAKEE 3YRJE75YQE9WCIGGYT8RKHVEXOJ3V  HUWMI59I8A08JHHEJ0KH7WO32KARFQPVVGR0QIAH3V313O5J 6J0UNJINWJTRVJFEBN224O1UWQM1MNS947Q3W4770G M R3W9CKHG7C95TJW D7ITRACMRDADT4LNVIQIFYWYSORT1', '62BMODNOWPE7VVPPH9R WL9VHDTT5K6TYKDSHRGKYDMOYDROAAIE1WT58CYVGL9XKDESTX74MKAJK8CNF70EWCTT3FIL3LK165FPEQFXB616V1O2W9QSFKGAUH1HUHL MQD19M4D64F781I3DQ2OJRGWYG2AMP6BCV3GFJLL AVI5XWR3YCCIPUOHAY3J9OFJGD06 OK', 'ID2DAO4CQNDCB082228 G2K5VF0J7UGEDB329H3OMG63MSOG LCWC04KY6IOWROT6DQT7WOXHY4DAPEP1Q6PF4CWQLX5730SI2PTT3JA5VILCPWPNKV7GBL7CCIHR22OM LJWTTN5UJE2807W5IJC1Q8O5FGHDXMDOWQJA1ONLBRXBYPHJ015CXK8PQ6AB2HBR0ET94V', 'https://preview.redd.it/8czzcci0ltn51.jpg?auto=webp&s=9e1da5c2fb95f759d748ef7f14c3ceb827293616', '1', 0, 'I3LY1662G10P6MIBHF95PWIO HEYAH96S8P9GD1OLB48L6O9FI3W  GS9N6S J ', 0, 0, '0395-05-01 03:55:57', 'JL0MIF5C2HQ1PVMSVAFSD8CDX XADFHDIHXHPPYEEJX4SJK4TL7JG3RJQ 0ID8DTATT4DDAQ4JPV1SKY54VYHGFN8SAB XHX0GIFY72WXTHL3YR6CVMRHMT8TD0AUT19BMI01WHLY1B2MCIYAAECGOS5E76LL7LGGY6241 MXC6U96HHI8YSIPG9I1K3 6XD5INIT5D0', '1371-02-07 12:44:44', 'ST15SYU47AYTGPRK8TUDT87AQT0V66WW3YASYD1J56MKEN7NOYLN6F11UO9E8RQVTXY6K7OQCAFNG5D4YVP4EWCPG9R0N620FEFIBNF08PB89HSWHB46E7K4DAKOSLQCF88HBMLO3SJ2WOHXQBVUGRU2ERYXH 3R5O E2Y4246EDUL97Y89NAP G5YBQT0ABV6J0F6NL'),
('henji', 'TP5N4T9MR1EOQ8EKO1LQ219KC2OLC3THQHIQQ3DWV7ADECOK6IHG8GS5OQFYD5BYH6L53AOSCAC3E1K2CNJ9E0ETQFH34Q24VSR 00KE9CJ71N6XRWKXJ47JVBPHGICBB99OJEUKBHQ9R21UNTBHPOP05H0UFNXIUNCWW5QXWWQ56R39YVFA84TR84396UYM802MDHTV', 'HHP2MF06UBQIYH7TBFTKWLE647DQA1XE7MBV3J4FBNP0UOQC U09RI8TSX93JBIXLMJ9RI9S3N6CTJ5G6QN5K3C0 P38N7SOAXAQ8T92RNG0O3QLUJMVJ2O 5FJCFHRYI1B48I8YN NUBU4 KRMF ROTFX7TUESW6GELN3VUO3VURUFNJYD2CY4AL6ND3TNFWQ4IKO50', '2HN YELU6V49QWQAMDLXS4HM74PGPTICC8JK9KTYNLVLI0JQC X0AUVV88 YK 4K5HEXC4RA8O9N21U6P4V SCBKC0N4X4NNJGRNPSE7098X382K YYLCPXHE325I98H6G2L0X2YMGK9DE2N7TKU8HB7W5HI6YDOCPQW0BKFIG0QWV100011TSD22U2V0C1O1L00QC0F', 'https://preview.redd.it/iorynk4hv0v61.jpg?auto=webp&s=bb0f62cad5a1c383f0ca7380e16b66ee65e5866f', '1', 0, 'FRIW66J9R 8CARLPH5IV28GJPH2T25EGLK8PTPBMQQXK4X4XWURH0IIAS554M4P1 ', 0, 0, '0001-01-01 00:00:00', 'IYTA0569YL992NLX DG5Y5FN5QAL QITKAP6UMUHX8PKVTM5E6ISUFLUYSVEMDC9HXH7Y3R47IMKDKTDAXOHG201E42 VIKLH94NRM4XO3458B25CTHWU6NP7Q26H7DHMDNO CK5WCC29OTE RFRB2WSXC1PGMI4R04FKOACDBI0OE1GHD4KI4RLUA573350IJMUR23L', '0789-09-27 07:51:05', 'X467B9TU91T81VOW5MC5 MJWWRE3UIPRIW3222ABGTSBEI9V K 10FLU1M8 9COJY GH5LN5NKYBE01RFQ0U 6FKGP6AIG93 G6358UOVDDB2D924CVEPQT ORCTFQ2 7RBW38HE5KAWYEVEOY92EN724P1W6UAS4K2JELTRAS25XNDAJCXOOBOQ4UPGD8S47SU5V2S7'),
('kani', 'IRHP8KWX302BOISA4HSWGQNNVJG287QHGD6RF6QJ7JACRL9B9HIBEQ5K480IP00YT51ALPWTCW0VJ0307HKR8712AFTDRUC6D0LRL2VJDW6A079Q5EHVAA0C C7QCUCEKVEWAQKARALD853OU4PJ2Q6DJDJYOS4OIOUUSP8HMY12GCDPOOL AS XVSYM3X4VYF6VCHM8', 'FI1FA0I1UJR2RLOVPIEUP G 6FHDNU0EFU2DQN7P96THM J764N X7NFE44XDTIK27H1LF64JO50GH6TW1 W1AM8C45DD4T376MKMGK7D85KVE UJF6CU2852QYQV9IKDHQFN9VJ1599PIPAGHYHCUPQ49VA8EICQQ1CSX3LJSQIX8JWNC NMIO8W13M047L5QLD75IJ', '9RFWXR4 LGFBH9QH5T4QMEPCVWD9M7GD670RYOVLVBITQJQ02 58P6PI92WEUX3VERT O6 XGY8H3QARMHG5WD790V10XGEH8VVRQJSCFEQ73GXGW9GDY25VJEU3 K2AM 4MXNX2HP16HSLJP8KYQVYDWQA0BP764JD98UJ0012U3DKBFG2D9WFNT0ABEQDS03CRQ33X', 'https://preview.redd.it/a2fle586nmv51.png?auto=webp&s=3fee7d53e08fd004108a34ccb5eab33ff4ffe182', '1', 0, 'NPNIHAXC8W TS41XAY YT5S2U1CAWDT99H DVOX CF K8IO5H4KS3F', 0, 0, '1768-11-25 17:21:00', 'TV6I3L7Q 6999DN0N08WSD49QV PPNBS7MER SGXIJ67B2YSBJAYBKUPAG3EELH86F4687ARLIC5 SOUJA4HXT41GQWW0OAGU3EYMP9VP DIF74LBH8AJU8P J PCV782C4I4PDMXTTV2GX8AF G4SU0BUUKBL45C 6JR7X63 46CB8QSFPBVD0 LKVK0UCMRVB2VORG', '0558-06-18 03:56:47', 'O9MDF8LGVLJXRFY0G478HI1HUYKPM0LP6JRVOKYAGAVYKCD BIL439MD9E6C7NLBQ0CXOTCYOHKFLRQLSF2SDAQMBEL7EQHVIEGKCCQTTLJQ0G10K9S1YUPM8JCVLC35KQ9H0FQ80DWSDX0I3M CV3IQ6N4KKGXWWB5TI NKES YOIYDWH4LMVQC5VSWIP5VEPNAXUG9'),
('mono', '0R922PNE7PGXIGU4HGM 3CY8UEG3J45LDAVFADH9NVUB55I5XO4LMWURRXDU C529P3YYUQO40YLUAYP723 FT1CMROPL M2OBCOBMY56S28IFPGNWWABX80U32R9CT3AFXVPT540VBY6NPS7JSYAKOHF36C6AEHED34P3NNF1TS2MBXIBXOFOV900I6L8ECYJY8 L8P', ' A800BP7Y2O2E2W6T8AOHRNCA9XQI5HTWTTILUKBLRUYU5WW87CCYDQ8CLNKFW5GR333FQOMUYTNDQ14A5371I70IY847Y8WSSAB87NIW67JUJGPHQPXYOWGVDQISSK0UMJ U J3O0IG9TPEYOBH6U124 349DDBFBX58CS8P33DRBNNMQW28KA4NV6MUA88PME8K38N', 'MH7PSJNWOVLPM7J8QXWB72JPVG3N9W0FMRMUBRYH7RDPDXKMD5 358OP5N1RVEJSWJR4XHEK62F7WMMX697TBLLITNUO0S KD5YP97UVVAOL8ICLY5CCDCVLHVFW9K4NQXE30VLT8T KIDOX5L3R79GDDSLACQ6O88B431ALT7333G1YVJ4KSMQVEY1 7VR3UGRSLQ19', 'https://preview.redd.it/9hdbl6l0kqv51.jpg?width=640&crop=smart&auto=webp&s=4af2c93c5dcd61ecfe72cc575ef69ae46caf75ad', '1', 0, '6P531V02WS346 854D2KHP5U2MGLTVJOK77OHTYE1W G9XWJUCAU9DPWBMY96YRJIFIYG4QFJ', 0, 0, '1173-12-15 12:18:16', 'S975BDVGAQKWRYS73XDPSJ QKIJWPDLLTECJWO25TPQ9 3QN N8L184GJUHARETCCGJL9FW7HNKXCN6EG3CJJWWMVMDAMU4SXYEJV9O EN0AYFVKC599CTPFERGAEPSBL6BO83TF LOQVLLVTI3KAK1K74QQ38AXO87AO6W045VQ KFKFON970J9W6R2L0610 RQFYQP', '0001-01-01 00:00:00', '4X8R9G E3OUOLXY1VPYV065MRQ4FR8YBA6HWQYKDNA3YKFI0K5L3HNKY1VLKOFKLF NAD2OWDUY1FICO88IMMIUS714APRHN15R5RGGPEBTWEQ66TDSGO9IWABOVA4A2INY9SMQHPXA27DFN69O48CQ191E3985J5TJYTT13852MUH283TJPCUC  WNBVIYP6911K2HA'),
('noname', 'FF2YIOMM79RIPMC50AM4HF11JVB47C3QR7X2JC1RGM4HCAH2E7UP7NQC73NVJXRKQBMXCI7N5J6VMJM7O  2ASJFUJ3SWYA7GU9NWN 26N0GD1RNP8IXQ410KYSRQGV5MWQL8SLM1PQBL3EC1JUCQE4K91P2LY6PMKXHMGONVH9VGHCYWKALJX4AEMR67IAWG2L7FQ8A', '5PQCAYCS49PILM3G8Y18TNQGYATYW I RBA4IXQQ 1B1BA3UKHJBVXHB2A0T73ODJ7ONR4EX1P66A248LWJ8AOFS EGIRF60XD Y5E2F6P6DCRVT1A25P1IAFLG3HJEXXY6B14T60H7EGSGI9R3K2L04WTC0EN51A15DS87USKXBN2C2AGE7CJPDE3AYOENWDSO0355U', 'HVUWFHDJSX8E6RVM6TE0CO9YOW9W22DH5G0ABTDQUF LQDLHB98M0RUIARUSSJKJT5ORIVD5B9WUGRH35V2WOHGEO2WYL2TU9SJC1SAGLNKO 1F6RHK2075N IHK9HP0XA9F27C1MTGU7XO7 0BNRUG13XH1QA6E ICL DA323 H4LWG8CTDWV77F2S23FK75E9T9Y5M', 'https://encrypted-tbn0.gstatic.com/images?q=tbn:ANd9GcS1cJ45eE6_luy870Y6PaJy7xV7KE354J1ktA&usqp=CAU', '1', 0, 'B SNB FRIDR2W1RI66RQJK93 H O1QYX6EMPV6J32IL0M HX4D2RUSSWV5E1RXCC8G MGU', 0, 0, '0925-04-08 09:18:42', 'JSFDDJP1PMXK4AROR7M5P4MXHL2129XY7VWQUVP9R5S5HYDU5P4NAP32U4C2YQ 5IQU7TFQ4Q5D0LM R RF9V6DNCIU24S C3TARG0STGJ9QY78TF0UFGQWHXFTJCBJ2O0Q9LCTRTQEPMLNLUP0BPQ3NJ2WQ38439S29P8POXO52EPO2RH0YWF9HE56OGH4GV4L5YJ5J', '1905-04-26 16:20:19', 'IQUT7O9K3XFDXG29BF8A8HKM17A2O2 CKLXYOLJ 7Q36RN 05C1CI7RGEK2X56UA3WESKV76C7618KVC 4PVJDMBP4FGX277X8P7D5HOAFUVT RCOG8012794JME8CHAVIFO0V9 MQB5FEC8 ESH529AQTYXOFMPMVC6WA4OXP2SE4Y7J8QJE25IJ5XSAHDPSSD5PE9D');

--
-- Chỉ mục cho các bảng đã đổ
--

--
-- Chỉ mục cho bảng `cast`
--
ALTER TABLE `cast`
  ADD PRIMARY KEY (`CAST_ID`);

--
-- Chỉ mục cho bảng `comment`
--
ALTER TABLE `comment`
  ADD PRIMARY KEY (`COMMENT_ID`),
  ADD KEY `FK_POST_COMMENT` (`POST_ID`),
  ADD KEY `FK_USER_COMMENT` (`USER_NAME`);

--
-- Chỉ mục cho bảng `country`
--
ALTER TABLE `country`
  ADD PRIMARY KEY (`COUNTRY_ID`);

--
-- Chỉ mục cho bảng `director`
--
ALTER TABLE `director`
  ADD PRIMARY KEY (`DIRECTOR_ID`);

--
-- Chỉ mục cho bảng `evaluation`
--
ALTER TABLE `evaluation`
  ADD PRIMARY KEY (`FILM_ID`,`USER_NAME`),
  ADD UNIQUE KEY `POST_ID` (`POST_ID`),
  ADD KEY `FK_EVALUATION_USER` (`USER_NAME`),
  ADD KEY `FK_POST_EVALUATION` (`POST_ID`);

--
-- Chỉ mục cho bảng `film`
--
ALTER TABLE `film`
  ADD PRIMARY KEY (`FILM_ID`),
  ADD KEY `FK_FILMTYPE` (`TYPE_ID`),
  ADD KEY `FK_FILM_COUNTRY` (`COUNTRY_ID`);

--
-- Chỉ mục cho bảng `filmgenre`
--
ALTER TABLE `filmgenre`
  ADD PRIMARY KEY (`FILM_ID`,`GENRE_ID`),
  ADD KEY `FK_FILMGENRE2` (`GENRE_ID`);

--
-- Chỉ mục cho bảng `following`
--
ALTER TABLE `following`
  ADD PRIMARY KEY (`USER_NAME`,`FOLLOWING_USER_NAME`);

--
-- Chỉ mục cho bảng `genre`
--
ALTER TABLE `genre`
  ADD PRIMARY KEY (`GENRE_ID`);

--
-- Chỉ mục cho bảng `genrehint`
--
ALTER TABLE `genrehint`
  ADD PRIMARY KEY (`USER_NAME`,`GENRE_ID`),
  ADD KEY `FK_GENRE_GENREHINT` (`GENRE_ID`);

--
-- Chỉ mục cho bảng `joining`
--
ALTER TABLE `joining`
  ADD PRIMARY KEY (`FILM_ID`,`DIRECTOR_ID`,`CAST_ID`),
  ADD KEY `FK_CAST_JOINING` (`CAST_ID`),
  ADD KEY `FK_DIRECTOR_JOINING` (`DIRECTOR_ID`);

--
-- Chỉ mục cho bảng `lovingpost`
--
ALTER TABLE `lovingpost`
  ADD PRIMARY KEY (`POST_ID`,`USER_NAME`),
  ADD KEY `FK_USER_LOVINGPOST` (`USER_NAME`);

--
-- Chỉ mục cho bảng `media`
--
ALTER TABLE `media`
  ADD PRIMARY KEY (`MEDIA_ID`),
  ADD KEY `FK_POST_MEDIA` (`POST_ID`);

--
-- Chỉ mục cho bảng `notification`
--
ALTER TABLE `notification`
  ADD PRIMARY KEY (`NOTIFICATION_ID`),
  ADD KEY `FK_NOTITYPE` (`NOTIFICATIONTYPE_ID`),
  ADD KEY `FK_USER_NOTIFICATION` (`USER_NAME`);

--
-- Chỉ mục cho bảng `notificationtype`
--
ALTER TABLE `notificationtype`
  ADD PRIMARY KEY (`NOTIFICATIONTYPE_ID`);

--
-- Chỉ mục cho bảng `post`
--
ALTER TABLE `post`
  ADD PRIMARY KEY (`POST_ID`),
  ADD KEY `FK_USER_POST` (`USER_NAME`);

--
-- Chỉ mục cho bảng `type`
--
ALTER TABLE `type`
  ADD PRIMARY KEY (`TYPE_ID`);

--
-- Chỉ mục cho bảng `user`
--
ALTER TABLE `user`
  ADD PRIMARY KEY (`USER_NAME`);

--
-- AUTO_INCREMENT cho các bảng đã đổ
--

--
-- AUTO_INCREMENT cho bảng `cast`
--
ALTER TABLE `cast`
  MODIFY `CAST_ID` int(11) NOT NULL AUTO_INCREMENT, AUTO_INCREMENT=5;

--
-- AUTO_INCREMENT cho bảng `comment`
--
ALTER TABLE `comment`
  MODIFY `COMMENT_ID` int(11) NOT NULL AUTO_INCREMENT, AUTO_INCREMENT=24;

--
-- AUTO_INCREMENT cho bảng `country`
--
ALTER TABLE `country`
  MODIFY `COUNTRY_ID` int(11) NOT NULL AUTO_INCREMENT, AUTO_INCREMENT=6;

--
-- AUTO_INCREMENT cho bảng `director`
--
ALTER TABLE `director`
  MODIFY `DIRECTOR_ID` int(11) NOT NULL AUTO_INCREMENT, AUTO_INCREMENT=5;

--
-- AUTO_INCREMENT cho bảng `film`
--
ALTER TABLE `film`
  MODIFY `FILM_ID` int(11) NOT NULL AUTO_INCREMENT, AUTO_INCREMENT=5;

--
-- AUTO_INCREMENT cho bảng `genre`
--
ALTER TABLE `genre`
  MODIFY `GENRE_ID` int(11) NOT NULL AUTO_INCREMENT, AUTO_INCREMENT=5;

--
-- AUTO_INCREMENT cho bảng `media`
--
ALTER TABLE `media`
  MODIFY `MEDIA_ID` int(11) NOT NULL AUTO_INCREMENT, AUTO_INCREMENT=20;

--
-- AUTO_INCREMENT cho bảng `notification`
--
ALTER TABLE `notification`
  MODIFY `NOTIFICATION_ID` int(11) NOT NULL AUTO_INCREMENT, AUTO_INCREMENT=5;

--
-- AUTO_INCREMENT cho bảng `notificationtype`
--
ALTER TABLE `notificationtype`
  MODIFY `NOTIFICATIONTYPE_ID` int(11) NOT NULL AUTO_INCREMENT, AUTO_INCREMENT=5;

--
-- AUTO_INCREMENT cho bảng `post`
--
ALTER TABLE `post`
  MODIFY `POST_ID` int(11) NOT NULL AUTO_INCREMENT, AUTO_INCREMENT=47;

--
-- AUTO_INCREMENT cho bảng `type`
--
ALTER TABLE `type`
  MODIFY `TYPE_ID` int(11) NOT NULL AUTO_INCREMENT, AUTO_INCREMENT=5;

--
-- Các ràng buộc cho các bảng đã đổ
--

--
-- Các ràng buộc cho bảng `comment`
--
ALTER TABLE `comment`
  ADD CONSTRAINT `FK_POST_COMMENT` FOREIGN KEY (`POST_ID`) REFERENCES `post` (`POST_ID`) ON DELETE CASCADE ON UPDATE CASCADE,
  ADD CONSTRAINT `FK_USER_COMMENT` FOREIGN KEY (`USER_NAME`) REFERENCES `user` (`USER_NAME`) ON DELETE CASCADE ON UPDATE CASCADE;

--
-- Các ràng buộc cho bảng `evaluation`
--
ALTER TABLE `evaluation`
  ADD CONSTRAINT `FK_EVALUATION_USER` FOREIGN KEY (`USER_NAME`) REFERENCES `user` (`USER_NAME`) ON DELETE CASCADE ON UPDATE CASCADE,
  ADD CONSTRAINT `FK_FILM_EVALUATION` FOREIGN KEY (`FILM_ID`) REFERENCES `film` (`FILM_ID`) ON DELETE CASCADE ON UPDATE CASCADE,
  ADD CONSTRAINT `FK_POST_EVALUATION` FOREIGN KEY (`POST_ID`) REFERENCES `post` (`POST_ID`) ON DELETE CASCADE ON UPDATE CASCADE;

--
-- Các ràng buộc cho bảng `film`
--
ALTER TABLE `film`
  ADD CONSTRAINT `FK_FILMTYPE` FOREIGN KEY (`TYPE_ID`) REFERENCES `type` (`TYPE_ID`) ON DELETE CASCADE ON UPDATE CASCADE,
  ADD CONSTRAINT `FK_FILM_COUNTRY` FOREIGN KEY (`COUNTRY_ID`) REFERENCES `country` (`COUNTRY_ID`) ON DELETE CASCADE ON UPDATE CASCADE;

--
-- Các ràng buộc cho bảng `filmgenre`
--
ALTER TABLE `filmgenre`
  ADD CONSTRAINT `FK_FILMGENRE` FOREIGN KEY (`FILM_ID`) REFERENCES `film` (`FILM_ID`) ON DELETE CASCADE ON UPDATE CASCADE,
  ADD CONSTRAINT `FK_FILMGENRE2` FOREIGN KEY (`GENRE_ID`) REFERENCES `genre` (`GENRE_ID`) ON DELETE CASCADE ON UPDATE CASCADE;

--
-- Các ràng buộc cho bảng `following`
--
ALTER TABLE `following`
  ADD CONSTRAINT `FK_FOLLOW` FOREIGN KEY (`USER_NAME`) REFERENCES `user` (`USER_NAME`) ON DELETE CASCADE ON UPDATE CASCADE;

--
-- Các ràng buộc cho bảng `genrehint`
--
ALTER TABLE `genrehint`
  ADD CONSTRAINT `FK_GENREHINT_USER` FOREIGN KEY (`USER_NAME`) REFERENCES `user` (`USER_NAME`) ON DELETE CASCADE ON UPDATE CASCADE,
  ADD CONSTRAINT `FK_GENRE_GENREHINT` FOREIGN KEY (`GENRE_ID`) REFERENCES `genre` (`GENRE_ID`) ON DELETE CASCADE ON UPDATE CASCADE;

--
-- Các ràng buộc cho bảng `joining`
--
ALTER TABLE `joining`
  ADD CONSTRAINT `FK_CAST_JOINING` FOREIGN KEY (`CAST_ID`) REFERENCES `cast` (`CAST_ID`) ON DELETE CASCADE ON UPDATE CASCADE,
  ADD CONSTRAINT `FK_DIRECTOR_JOINING` FOREIGN KEY (`DIRECTOR_ID`) REFERENCES `director` (`DIRECTOR_ID`) ON DELETE CASCADE ON UPDATE CASCADE,
  ADD CONSTRAINT `FK_FILM_JOINING` FOREIGN KEY (`FILM_ID`) REFERENCES `film` (`FILM_ID`) ON DELETE CASCADE ON UPDATE CASCADE;

--
-- Các ràng buộc cho bảng `lovingpost`
--
ALTER TABLE `lovingpost`
  ADD CONSTRAINT `FK_POST_LOVINGPOST` FOREIGN KEY (`POST_ID`) REFERENCES `post` (`POST_ID`) ON DELETE CASCADE ON UPDATE CASCADE,
  ADD CONSTRAINT `FK_USER_LOVINGPOST` FOREIGN KEY (`USER_NAME`) REFERENCES `user` (`USER_NAME`) ON DELETE CASCADE ON UPDATE CASCADE;

--
-- Các ràng buộc cho bảng `media`
--
ALTER TABLE `media`
  ADD CONSTRAINT `media_ibfk_1` FOREIGN KEY (`POST_ID`) REFERENCES `post` (`POST_ID`) ON DELETE CASCADE ON UPDATE CASCADE;

--
-- Các ràng buộc cho bảng `notification`
--
ALTER TABLE `notification`
  ADD CONSTRAINT `FK_NOTITYPE` FOREIGN KEY (`NOTIFICATIONTYPE_ID`) REFERENCES `notificationtype` (`NOTIFICATIONTYPE_ID`) ON DELETE CASCADE ON UPDATE CASCADE,
  ADD CONSTRAINT `FK_USER_NOTIFICATION` FOREIGN KEY (`USER_NAME`) REFERENCES `user` (`USER_NAME`) ON DELETE CASCADE ON UPDATE CASCADE;

--
-- Các ràng buộc cho bảng `post`
--
ALTER TABLE `post`
  ADD CONSTRAINT `FK_USER_POST` FOREIGN KEY (`USER_NAME`) REFERENCES `user` (`USER_NAME`) ON DELETE CASCADE ON UPDATE CASCADE;
COMMIT;

/*!40101 SET CHARACTER_SET_CLIENT=@OLD_CHARACTER_SET_CLIENT */;
/*!40101 SET CHARACTER_SET_RESULTS=@OLD_CHARACTER_SET_RESULTS */;
/*!40101 SET COLLATION_CONNECTION=@OLD_COLLATION_CONNECTION */;
